secid,date,low,high,close,volume,return,cfadj,open,cfret,shrout
109820.0,2023-01-03,377.831,386.43,380.82,74850731.0,-0.00421,1.0,384.37,1.62005,932632.0
109820.0,2023-01-04,380.0,385.88,383.76,85934098.0,0.00772,1.0,383.18,1.62005,932632.0
109820.0,2023-01-05,378.76,381.84,379.38,76970456.0,-0.011413,1.0,381.72,1.62005,927282.0
109820.0,2023-01-06,379.4127,389.25,388.08,104189603.0,0.022932,1.0,382.61,1.62005,931982.0
109820.0,2023-01-09,387.67,393.7,387.86,73978071.0,-0.000567,1.0,390.37,1.62005,929682.0
109820.0,2023-01-10,386.27,390.65,390.58,65358094.0,0.007013,1.0,387.25,1.62005,929882.0
109820.0,2023-01-11,391.38,395.6,395.52,68881080.0,0.012648,1.0,392.23,1.62005,932382.0
109820.0,2023-01-12,392.42,398.485,396.96,90157699.0,0.003641,1.0,396.67,1.62005,933682.0
109820.0,2023-01-13,393.34,399.1,398.5,63903932.0,0.00388,1.0,393.62,1.62005,934132.0
109820.0,2023-01-17,397.06,400.23,397.77,62677281.0,-0.001832,1.0,398.48,1.62005,933882.0
109820.0,2023-01-18,391.28,400.12,391.49,99632262.0,-0.015788,1.0,399.01,1.62005,933882.0
109820.0,2023-01-19,387.26,391.08,388.64,86958919.0,-0.00728,1.0,389.36,1.62005,935582.0
109820.0,2023-01-20,388.38,396.04,395.88,91806356.0,0.018629,1.0,390.1,1.62005,934732.0
109820.0,2023-01-23,395.72,402.645,400.63,84178797.0,0.011999,1.0,396.72,1.62005,932632.0
109820.0,2023-01-24,397.64,401.15,400.2,59524911.0,-0.001073,1.0,398.88,1.62005,934082.0
109820.0,2023-01-25,393.56,400.7,400.35,84800251.0,0.000375,1.0,395.95,1.62005,937182.0
109820.0,2023-01-26,400.03,404.92,404.75,72287425.0,0.01099,1.0,403.13,1.62005,935732.0
109820.0,2023-01-27,403.44,408.16,405.68,68346180.0,0.002298,1.0,403.655,1.62005,937432.0
109820.0,2023-01-30,400.28,405.13,400.59,74202018.0,-0.012547,1.0,402.8,1.62005,937382.0
109820.0,2023-01-31,400.77,406.53,406.48,86811786.0,0.014703,1.0,401.13,1.62005,938082.0
109820.0,2023-02-01,402.35,413.67,410.8,101459155.0,0.010628,1.0,405.211,1.62005,936332.0
109820.0,2023-02-02,412.88,418.31,416.78,101654463.0,0.014557,1.0,414.86,1.62005,934882.0
109820.0,2023-02-03,411.09,416.97,412.35,94736781.0,-0.010629,1.0,411.59,1.62005,933332.0
109820.0,2023-02-06,408.1,411.29,409.83,60295325.0,-0.006111,1.0,409.79,1.62005,940432.0
109820.0,2023-02-07,407.57,416.49,415.19,90990745.0,0.013079,1.0,408.87,1.62005,934482.0
109820.0,2023-02-08,409.93,414.53,410.65,76227462.0,-0.010935,1.0,413.13,1.62005,930732.0
109820.0,2023-02-09,405.81,414.57,407.09,78694859.0,-0.008669,1.0,414.41,1.62005,927782.0
109820.0,2023-02-10,405.01,408.44,408.04,70769715.0,0.002334,1.0,405.86,1.62005,926282.0
109820.0,2023-02-13,408.24,412.97,412.83,64913539.0,0.011739,1.0,408.72,1.62005,923282.0
109820.0,2023-02-14,408.511,415.05,412.64,88389313.0,-0.00046,1.0,411.24,1.62005,924732.0
109820.0,2023-02-15,409.47,414.06,413.98,61685279.0,0.003247,1.0,410.35,1.62005,924732.0
109820.0,2023-02-16,408.14,412.91,408.28,76431469.0,-0.013769,1.0,408.79,1.62005,925882.0
109820.0,2023-02-17,404.05,407.51,407.26,89257815.0,-0.002498,1.0,406.06,1.62005,919482.0
109820.0,2023-02-21,398.82,404.16,399.09,82655924.0,-0.020061,1.0,403.06,1.62005,918332.0
109820.0,2023-02-22,397.02,401.13,398.54,83742293.0,-0.001378,1.0,399.52,1.62005,918332.0
109820.0,2023-02-23,396.25,402.2,400.66,96242399.0,0.005319,1.0,401.56,1.62005,916532.0
109820.0,2023-02-24,393.64,397.25,396.38,108194413.0,-0.010682,1.0,395.42,1.62005,913632.0
109820.0,2023-02-27,396.75,401.29,397.73,80444736.0,0.003406,1.0,399.87,1.62005,911582.0
109820.0,2023-02-28,396.15,399.28,396.26,96438567.0,-0.003696,1.0,397.23,1.62005,912582.0
109820.0,2023-03-01,393.38,396.69,394.74,99706823.0,-0.003836,1.0,395.41,1.62005,908282.0
109820.0,2023-03-02,392.33,398.69,397.81,85404726.0,0.007777,1.0,392.68,1.62005,906982.0
109820.0,2023-03-03,399.03,404.45,404.19,90119952.0,0.016038,1.0,399.71,1.62005,907682.0
109820.0,2023-03-06,404.01,407.45,404.47,72795946.0,0.000693,1.0,405.05,1.62005,898532.0
109820.0,2023-03-07,397.625,404.67,398.27,108310596.0,-0.015329,1.0,404.42,1.62005,890382.0
109820.0,2023-03-08,396.59,399.71,398.92,74746632.0,0.001632,1.0,398.39,1.62005,901382.0
109820.0,2023-03-09,390.53,401.48,391.56,111945322.0,-0.01845,1.0,399.74,1.62005,907132.0
109820.0,2023-03-10,384.32,393.16,385.91,189252996.0,-0.014429,1.0,390.99,1.62005,907832.0
109820.0,2023-03-13,380.65,390.39,385.36,157789967.0,-0.001425,1.0,381.81,1.62005,902582.0
109820.0,2023-03-14,387.05,393.45,391.73,149752357.0,0.01653,1.0,390.5,1.62005,903132.0
109820.0,2023-03-15,383.71,389.49,389.28,172996933.0,-0.006254,1.0,385.89,1.62005,889882.0
109820.0,2023-03-16,386.29,396.47,396.11,143753940.0,0.017545,1.0,386.82,1.62005,891982.0
109820.0,2023-03-17,388.55,394.4,389.99,140553411.0,-0.011648,1.0,393.22,1.626307,887332.0
109820.0,2023-03-20,390.07,394.17,393.74,93055783.0,0.009616,1.0,390.8,1.626307,892832.0
109820.0,2023-03-21,395.58,399.41,398.91,91524248.0,0.013131,1.0,397.24,1.626307,911332.0
109820.0,2023-03-22,392.07,402.49,392.11,111746583.0,-0.017046,1.0,398.73,1.626307,926932.0
109820.0,2023-03-23,390.35,399.29,393.17,119351319.0,0.002703,1.0,395.09,1.626307,928482.0
109820.0,2023-03-24,389.4,395.84,395.75,107770124.0,0.006562,1.0,391.841,1.626307,924032.0
109820.0,2023-03-27,395.56,398.92,396.49,74010408.0,0.00187,1.0,398.12,1.626307,922382.0
109820.0,2023-03-28,393.69,396.49,395.6,62871680.0,-0.002245,1.0,395.77,1.626307,910682.0
109820.0,2023-03-29,398.68,401.6,401.35,77497876.0,0.014535,1.0,399.925,1.626307,907482.0
109820.0,2023-03-30,401.76,404.35,403.7,69840049.0,0.005855,1.0,404.09,1.626307,918532.0
109820.0,2023-03-31,404.55,409.7,409.39,112062624.0,0.014095,1.0,404.66,1.626307,915032.0
109820.0,2023-04-03,408.44,411.37,410.95,67391097.0,0.003811,1.0,408.85,1.626307,910782.0
109820.0,2023-04-04,407.24,411.92,408.67,66601534.0,-0.005548,1.0,411.62,1.626307,915382.0
109820.0,2023-04-05,405.88,408.7,407.6,65200243.0,-0.002618,1.0,407.91,1.626307,908432.0
109820.0,2023-04-06,405.678,409.48,409.19,63743345.0,0.003901,1.0,406.77,1.626307,911032.0
109820.0,2023-04-10,405.97,409.69,409.61,63681042.0,0.001026,1.0,406.61,1.626307,906682.0
109820.0,2023-04-11,408.92,411.18,409.72,59297945.0,0.000269,1.0,410.26,1.626307,906682.0
109820.0,2023-04-12,407.44,412.17,408.05,86420379.0,-0.004076,1.0,411.87,1.626307,903982.0
109820.0,2023-04-13,407.9922,413.84,413.47,85814754.0,0.013283,1.0,409.18,1.626307,904632.0
109820.0,2023-04-14,410.06,415.09,412.46,78161500.0,-0.002443,1.0,412.81,1.626307,909432.0
109820.0,2023-04-17,411.085,413.96,413.94,66436399.0,0.003588,1.0,412.37,1.626307,915882.0
109820.0,2023-04-18,412.7802,415.72,414.21,63559997.0,0.000652,1.0,415.58,1.626307,919982.0
109820.0,2023-04-19,412.16,415.08,414.14,55227330.0,-0.000169,1.0,412.22,1.626307,919782.0
109820.0,2023-04-20,410.27,413.7,411.88,75840359.0,-0.005457,1.0,411.21,1.626307,917432.0
109820.0,2023-04-21,410.17,412.68,412.2,73457422.0,0.000777,1.0,412.19,1.626307,915182.0
109820.0,2023-04-24,410.6,413.07,412.63,64332095.0,0.001043,1.0,411.99,1.626307,915182.0
109820.0,2023-04-25,406.02,411.16,406.08,97766721.0,-0.015874,1.0,410.58,1.626307,914882.0
109820.0,2023-04-26,403.78,407.84,404.36,80447049.0,-0.004236,1.0,406.72,1.626307,914882.0
109820.0,2023-04-27,406.74,412.69,412.41,92968369.0,0.019908,1.0,407.0,1.626307,914882.0
109820.0,2023-04-28,411.43,415.94,415.93,89433137.0,0.008535,1.0,411.49,1.626307,927382.0
109820.0,2023-05-01,415.265,417.62,415.51,62122254.0,-0.00101,1.0,415.47,1.626307,927382.0
109820.0,2023-05-02,407.82,414.82,410.84,103998484.0,-0.011239,1.0,414.77,1.626307,927382.0
109820.0,2023-05-03,407.77,413.87,408.02,91531769.0,-0.006864,1.0,411.36,1.626307,907932.0
109820.0,2023-05-04,403.74,407.27,405.13,94901863.0,-0.007083,1.0,406.93,1.626307,913182.0
109820.0,2023-05-05,408.64,413.72,412.63,87891791.0,0.018513,1.0,408.91,1.626307,907732.0
109820.0,2023-05-08,411.28,413.24,412.74,50046768.0,0.000267,1.0,412.97,1.626307,907732.0
109820.0,2023-05-09,410.6894,412.09,410.93,49220119.0,-0.004385,1.0,411.13,1.626307,907732.0
109820.0,2023-05-10,408.87,414.535,412.85,96142922.0,0.004672,1.0,413.88,1.626307,907732.0
109820.0,2023-05-11,409.97,412.43,412.13,70157064.0,-0.001744,1.0,411.95,1.626307,907732.0
109820.0,2023-05-12,409.07,413.64,411.59,70481548.0,-0.00131,1.0,413.42,1.626307,907732.0
109820.0,2023-05-15,410.23,413.43,413.01,54289383.0,0.00345,1.0,412.22,1.626307,907732.0
109820.0,2023-05-16,410.24,412.815,410.25,57705495.0,-0.006683,1.0,411.86,1.626307,907732.0
109820.0,2023-05-17,410.635,415.855,415.23,87286957.0,0.012139,1.0,412.35,1.626307,907732.0
109820.0,2023-05-18,414.67,419.67,419.23,97177195.0,0.009633,1.0,414.9,1.626307,907732.0
109820.0,2023-05-19,417.35,420.72,418.62,103793317.0,-0.001455,1.0,420.17,1.626307,907732.0
109820.0,2023-05-22,417.35,420.39,418.79,60745399.0,0.000406,1.0,418.64,1.626307,907732.0
109820.0,2023-05-23,413.68,418.722,414.09,86383493.0,-0.011223,1.0,417.08,1.626307,929232.0
109820.0,2023-05-24,409.8795,412.82,411.09,89213678.0,-0.007245,1.0,412.42,1.626307,929232.0
109820.0,2023-05-25,412.4101,416.16,414.65,90961606.0,0.00866,1.0,414.74,1.626307,933032.0
109820.0,2023-05-26,415.25,420.77,420.02,93829975.0,0.012951,1.0,415.33,1.626307,933032.0
109820.0,2023-05-30,418.735,422.58,420.18,72215960.0,0.000381,1.0,422.03,1.626307,941582.0
109820.0,2023-05-31,416.22,419.22,417.85,110811780.0,-0.005545,1.0,418.28,1.626307,941582.0
109820.0,2023-06-01,416.79,422.92,421.82,88865018.0,0.009501,1.0,418.09,1.626307,942482.0
109820.0,2023-06-02,423.95,428.74,427.92,91426171.0,0.014461,1.0,424.5,1.626307,942182.0
109820.0,2023-06-05,426.37,429.62,427.1,65460158.0,-0.001916,1.0,428.28,1.626307,942182.0
109820.0,2023-06-06,425.99,428.5772,428.03,64022175.0,0.002177,1.0,426.67,1.626307,951032.0
109820.0,2023-06-07,426.11,429.62,426.55,85373275.0,-0.003458,1.0,428.44,1.626307,951032.0
109820.0,2023-06-08,425.82,429.6,429.13,61952842.0,0.006049,1.0,426.62,1.626307,951032.0
109820.0,2023-06-09,428.87,431.99,429.9,85647268.0,0.001794,1.0,429.96,1.626307,951032.0
109820.0,2023-06-12,430.17,433.88,433.8,76256703.0,0.009072,1.0,430.92,1.626307,951032.0
109820.0,2023-06-13,434.63,437.33,436.66,95899704.0,0.006593,1.0,435.32,1.626307,951032.0
109820.0,2023-06-14,433.59,439.0612,437.18,100612080.0,0.001191,1.0,437.01,1.626307,950282.0
109820.0,2023-06-15,436.23,443.9,442.6,110303091.0,0.012398,1.0,436.33,1.626307,950282.0
109820.0,2023-06-16,438.97,443.6078,439.46,114165849.0,-0.003393,1.0,443.02,1.63237,950282.0
109820.0,2023-06-20,435.03,438.37,437.18,76160359.0,-0.005188,1.0,437.45,1.63237,929882.0
109820.0,2023-06-21,434.33,436.99,434.94,76982251.0,-0.005124,1.0,436.16,1.63237,929882.0
109820.0,2023-06-22,433.6,436.62,436.51,70637175.0,0.00361,1.0,433.95,1.63237,929882.0
109820.0,2023-06-23,432.47,435.06,433.21,92074537.0,-0.00756,1.0,432.93,1.63237,929882.0
109820.0,2023-06-26,431.19,434.61,431.44,72823560.0,-0.004086,1.0,432.62,1.63237,929882.0
109820.0,2023-06-27,431.88,436.81,436.17,72813699.0,0.010963,1.0,432.35,1.63237,929882.0
109820.0,2023-06-28,434.41,437.44,436.39,75635976.0,0.000504,1.0,435.05,1.63237,929882.0
109820.0,2023-06-29,435.54,438.28,438.11,67882304.0,0.003941,1.0,435.96,1.63237,929882.0
109820.0,2023-06-30,441.11,444.3,443.28,104964019.0,0.011801,1.0,441.44,1.63237,929882.0
109820.0,2023-07-03,442.63,444.08,443.79,32793378.0,0.001151,1.0,442.92,1.63237,929882.0
109820.0,2023-07-05,441.9,443.889,443.13,58418432.0,-0.001487,1.0,441.91,1.63237,955032.0
109820.0,2023-07-06,437.06,440.1,439.66,80658302.0,-0.007831,1.0,439.42,1.63237,955032.0
109820.0,2023-07-07,438.3,442.64,438.55,86134178.0,-0.002525,1.0,438.63,1.63237,955032.0
109820.0,2023-07-10,437.585,439.84,439.66,62443501.0,0.002531,1.0,438.18,1.63237,955032.0
109820.0,2023-07-11,439.44,442.97,442.46,64463752.0,0.006369,1.0,440.45,1.63237,955032.0
109820.0,2023-07-12,444.91,447.4799,446.02,91924527.0,0.008046,1.0,446.39,1.63237,955032.0
109820.0,2023-07-13,447.45,450.38,449.56,72425241.0,0.007937,1.0,447.9,1.63237,955032.0
109820.0,2023-07-14,448.49,451.36,449.28,69815823.0,-0.000623,1.0,450.475,1.63237,955032.0
109820.0,2023-07-17,449.08,451.93,450.84,52680221.0,0.003472,1.0,449.13,1.63237,955032.0
109820.0,2023-07-18,450.0484,454.86,454.19,80744448.0,0.007431,1.0,450.5,1.63237,955032.0
109820.0,2023-07-19,454.1119,456.43,455.2,65891688.0,0.002224,1.0,455.01,1.63237,955032.0
109820.0,2023-07-20,451.44,455.1,452.18,70591642.0,-0.006634,1.0,454.17,1.63237,955032.0
109820.0,2023-07-21,452.17,454.165,452.18,71275618.0,0.0,1.0,453.96,1.63237,955032.0
109820.0,2023-07-24,452.298,455.04,454.2,54023382.0,0.004467,1.0,453.37,1.63237,955032.0
109820.0,2023-07-25,453.87,456.735,455.44,55191240.0,0.00273,1.0,453.92,1.63237,955032.0
109820.0,2023-07-26,453.38,456.99,455.51,71052885.0,0.000154,1.0,454.47,1.63237,955032.0
109820.0,2023-07-27,451.55,459.44,452.49,92194375.0,-0.00663,1.0,459.02,1.63237,955032.0
109820.0,2023-07-28,452.4918,457.78,456.92,80011790.0,0.00979,1.0,455.88,1.63237,955032.0
109820.0,2023-07-31,456.045,458.16,457.79,62040449.0,0.001904,1.0,457.41,1.63237,955032.0
109820.0,2023-08-01,455.49,457.25,456.48,55502199.0,-0.002862,1.0,456.27,1.63237,955032.0
109820.0,2023-08-02,449.3499,453.52,450.13,93933369.0,-0.013911,1.0,453.25,1.63237,955032.0
109820.0,2023-08-03,447.37,450.79,448.84,64419692.0,-0.002866,1.0,448.04,1.63237,955032.0
109820.0,2023-08-04,446.27,452.895,446.81,100128902.0,-0.004523,1.0,450.72,1.63237,955032.0
109820.0,2023-08-07,447.99,450.865,450.71,58357464.0,0.008729,1.0,448.71,1.63237,955032.0
109820.0,2023-08-08,445.2705,450.6952,448.75,71361324.0,-0.004349,1.0,448.08,1.63237,955032.0
109820.0,2023-08-09,444.96,449.1999,445.75,78789575.0,-0.006685,1.0,449.03,1.63237,955032.0
109820.0,2023-08-10,444.7,451.7,445.91,93005495.0,0.000359,1.0,448.19,1.63237,955032.0
109820.0,2023-08-11,443.345,446.7007,445.65,68690902.0,-0.000583,1.0,443.97,1.63237,955032.0
109820.0,2023-08-14,444.38,448.11,448.11,47867441.0,0.00552,1.0,444.7,1.63237,955032.0
109820.0,2023-08-15,442.3,446.64,442.89,75707534.0,-0.011649,1.0,446.27,1.63237,955032.0
109820.0,2023-08-16,439.53,444.18,439.64,80107206.0,-0.007338,1.0,442.46,1.63237,955032.0
109820.0,2023-08-17,435.75,441.43,436.29,95711315.0,-0.00762,1.0,441.16,1.63237,955032.0
109820.0,2023-08-18,433.01,437.57,436.5,98851960.0,0.000481,1.0,433.37,1.63237,955032.0
109820.0,2023-08-21,435.32,440.11,439.34,68718957.0,0.006506,1.0,437.55,1.63237,955032.0
109820.0,2023-08-22,437.57,441.18,438.15,65062861.0,-0.002709,1.0,441.18,1.63237,922632.0
109820.0,2023-08-23,439.1,443.67,443.03,68441021.0,0.011138,1.0,439.25,1.63237,922632.0
109820.0,2023-08-24,436.855,445.22,436.89,88517272.0,-0.013859,1.0,444.69,1.63237,922632.0
109820.0,2023-08-25,435.0,441.3,439.97,102325103.0,0.00705,1.0,438.68,1.63237,922632.0
109820.0,2023-08-28,439.9728,443.4,442.76,61595393.0,0.006341,1.0,442.24,1.63237,922632.0
109820.0,2023-08-29,442.46,449.45,449.16,83081916.0,0.014455,1.0,442.65,1.63237,922632.0
109820.0,2023-08-30,448.78,451.67,451.01,69053911.0,0.004119,1.0,449.51,1.63237,922632.0
109820.0,2023-08-31,450.16,452.83,450.35,66084563.0,-0.001463,1.0,451.65,1.63237,922632.0
110008.0,2023-01-03,134.43,136.33,135.46,7239269.0,-0.002871,1.0,135.96,1.40128,309615.0
110008.0,2023-01-04,134.94,136.57,135.82,8469936.0,0.002658,1.0,136.22,1.40128,309615.0
110008.0,2023-01-05,133.895,135.25,134.43,6714235.0,-0.010234,1.0,134.92,1.40128,309265.0
110008.0,2023-01-06,133.61,136.04,135.67,7175745.0,0.009224,1.0,135.33,1.40128,309165.0
110008.0,2023-01-09,133.215,135.85,133.4,7719462.0,-0.016732,1.0,135.81,1.40128,309515.0
110008.0,2023-01-10,133.15,134.725,134.52,7675320.0,0.008396,1.0,133.35,1.40128,309765.0
110008.0,2023-01-11,133.99,135.3,135.28,7307184.0,0.00565,1.0,134.61,1.40128,308965.0
110008.0,2023-01-12,133.54,135.41,134.85,7580538.0,-0.003179,1.0,134.99,1.40128,308515.0
110008.0,2023-01-13,134.05,135.86,135.45,6334065.0,0.004449,1.0,134.11,1.40128,306965.0
110008.0,2023-01-17,134.64,135.6121,134.82,6664139.0,-0.004651,1.0,135.38,1.40128,307215.0
110008.0,2023-01-18,132.795,135.17,132.92,10629147.0,-0.014093,1.0,134.82,1.40128,307215.0
110008.0,2023-01-19,132.26,133.77,133.24,9902281.0,0.002408,1.0,132.53,1.40128,306815.0
110008.0,2023-01-20,132.52,134.01,133.91,5962205.0,0.005029,1.0,133.54,1.40128,307015.0
110008.0,2023-01-23,133.69,135.12,134.37,7211043.0,0.003435,1.0,133.99,1.40128,307615.0
110008.0,2023-01-24,132.62,134.48,133.48,5754776.0,-0.006623,1.0,133.7,1.40128,310165.0
110008.0,2023-01-25,132.21,133.55,133.52,5999062.0,0.0003,1.0,132.59,1.40128,308565.0
110008.0,2023-01-26,132.73,133.95,133.77,6861168.0,0.001872,1.0,133.83,1.40128,307215.0
110008.0,2023-01-27,132.69,133.71,132.86,5854552.0,-0.006803,1.0,133.57,1.40128,307215.0
110008.0,2023-01-30,131.455,133.44,131.66,7055400.0,-0.009032,1.0,132.61,1.40128,307365.0
110008.0,2023-01-31,131.83,133.38,133.36,6290643.0,0.012912,1.0,131.96,1.40128,306465.0
110008.0,2023-02-01,132.36,134.81,133.99,11843040.0,0.004724,1.0,133.36,1.40128,306115.0
110008.0,2023-02-02,132.13,133.258,133.08,11274699.0,-0.006792,1.0,133.01,1.40128,306665.0
110008.0,2023-02-03,132.25,133.6,132.69,10046771.0,-0.002931,1.0,133.17,1.40128,306565.0
110008.0,2023-02-06,131.77,132.78,131.95,7328283.0,-0.005577,1.0,132.5,1.40128,306065.0
110008.0,2023-02-07,131.025,133.19,132.8,7551007.0,0.006442,1.0,131.49,1.40128,305165.0
110008.0,2023-02-08,132.21,133.15,132.41,5614147.0,-0.002937,1.0,132.32,1.40128,304365.0
110008.0,2023-02-09,131.04,133.245,131.25,8085922.0,-0.008761,1.0,132.74,1.40128,305115.0
110008.0,2023-02-10,131.25,132.625,132.49,6198653.0,0.009448,1.0,131.43,1.40128,304965.0
110008.0,2023-02-13,132.51,133.595,133.59,6300295.0,0.008302,1.0,132.51,1.40128,304965.0
110008.0,2023-02-14,132.13,134.01,132.8,6905994.0,-0.005914,1.0,133.77,1.40128,305515.0
110008.0,2023-02-15,131.69,132.455,132.14,6491948.0,-0.00497,1.0,132.28,1.40128,305515.0
110008.0,2023-02-16,130.54,131.985,130.82,8008010.0,-0.009989,1.0,130.93,1.40128,306115.0
110008.0,2023-02-17,130.08,132.23,131.99,10434450.0,0.008944,1.0,130.2,1.40128,306565.0
110008.0,2023-02-21,130.0899,131.57,130.28,9066218.0,-0.012956,1.0,131.03,1.40128,306165.0
110008.0,2023-02-22,129.57,130.73,129.84,7318937.0,-0.003377,1.0,130.42,1.40128,306165.0
110008.0,2023-02-23,129.235,130.85,130.19,9955508.0,0.002696,1.0,129.81,1.40128,307065.0
110008.0,2023-02-24,128.13,129.34,128.51,9008017.0,-0.012904,1.0,129.09,1.40128,307315.0
110008.0,2023-02-27,127.83,129.57,128.12,6463899.0,-0.003035,1.0,129.21,1.40128,307315.0
110008.0,2023-02-28,127.06,127.91,127.17,10282751.0,-0.007415,1.0,127.83,1.40128,306465.0
110008.0,2023-03-01,126.41,127.24,126.96,11101021.0,-0.001651,1.0,126.56,1.40128,305665.0
110008.0,2023-03-02,126.39,128.105,127.74,10203680.0,0.006144,1.0,126.39,1.40128,305715.0
110008.0,2023-03-03,127.69,129.22,129.17,10048013.0,0.011195,1.0,128.33,1.40128,305365.0
110008.0,2023-03-06,128.81,129.7,129.11,8153402.0,-0.000464,1.0,129.26,1.40128,305365.0
110008.0,2023-03-07,126.81,129.52,127.03,9604352.0,-0.01611,1.0,129.37,1.40128,303765.0
110008.0,2023-03-08,125.84,127.16,126.35,10793366.0,-0.005353,1.0,126.77,1.40128,302215.0
110008.0,2023-03-09,124.56,127.05,125.07,13270342.0,-0.010131,1.0,126.84,1.40128,301615.0
110008.0,2023-03-10,123.67,125.9,124.15,20483224.0,-0.007356,1.0,124.86,1.40128,300965.0
110008.0,2023-03-13,123.6,127.02,125.31,21294203.0,0.009344,1.0,123.75,1.40128,300665.0
110008.0,2023-03-14,125.17,126.82,126.43,14583013.0,0.008938,1.0,126.16,1.40128,301115.0
110008.0,2023-03-15,124.84,126.5,126.32,17244563.0,-0.00087,1.0,125.07,1.40128,300865.0
110008.0,2023-03-16,125.02,127.56,127.5,16013915.0,0.009341,1.0,125.37,1.40128,300265.0
110008.0,2023-03-17,125.455,127.49,125.86,15071531.0,-0.012863,1.0,127.39,1.40128,301865.0
110008.0,2023-03-20,125.58,127.145,126.96,10592082.0,0.012626,1.0,125.58,1.406678,302015.0
110008.0,2023-03-21,126.675,127.88,127.73,8816257.0,0.006065,1.0,127.45,1.406678,301265.0
110008.0,2023-03-22,125.78,128.27,125.8,10480142.0,-0.01511,1.0,127.8,1.406678,302365.0
110008.0,2023-03-23,124.84,127.08,125.56,10092300.0,-0.001908,1.0,126.32,1.406678,299765.0
110008.0,2023-03-24,124.97,127.42,127.3,8163893.0,0.013858,1.0,125.44,1.406678,300215.0
110008.0,2023-03-27,127.67,128.78,127.82,9455363.0,0.004085,1.0,128.2,1.406678,298565.0
110008.0,2023-03-28,126.74,128.15,127.05,8037474.0,-0.006024,1.0,127.69,1.406678,298415.0
110008.0,2023-03-29,126.85,127.84,127.4,8183112.0,0.002755,1.0,127.68,1.406678,298865.0
110008.0,2023-03-30,127.275,128.13,128.09,6820534.0,0.005416,1.0,128.09,1.406678,298615.0
110008.0,2023-03-31,128.45,129.53,129.46,9202493.0,0.010696,1.0,128.52,1.406678,299765.0
110008.0,2023-04-03,129.2,131.06,130.91,8937258.0,0.0112,1.0,129.56,1.406678,298515.0
110008.0,2023-04-04,130.69,131.69,130.93,9052600.0,0.000153,1.0,131.05,1.406678,297815.0
110008.0,2023-04-05,131.51,133.42,133.19,12325750.0,0.017261,1.0,131.66,1.406678,297065.0
110008.0,2023-04-06,133.07,134.11,133.52,8276295.0,0.002478,1.0,133.71,1.406678,297065.0
110008.0,2023-04-10,132.46,133.5,133.43,8024299.0,-0.000674,1.0,133.16,1.406678,296865.0
110008.0,2023-04-11,133.66,134.365,133.88,8887512.0,0.003373,1.0,133.74,1.406678,296865.0
110008.0,2023-04-12,133.68,134.895,133.92,8988716.0,0.000299,1.0,134.4,1.406678,296765.0
110008.0,2023-04-13,134.195,135.81,135.66,9373699.0,0.012993,1.0,134.49,1.406678,298015.0
110008.0,2023-04-14,134.07,135.635,134.57,6632126.0,-0.008035,1.0,135.35,1.406678,296315.0
110008.0,2023-04-17,133.755,134.76,134.46,7187113.0,-0.000817,1.0,134.61,1.406678,295665.0
110008.0,2023-04-18,133.36,134.73,133.54,7194221.0,-0.006842,1.0,134.73,1.406678,295765.0
110008.0,2023-04-19,133.17,134.15,133.95,7048082.0,0.00307,1.0,133.58,1.406678,296365.0
110008.0,2023-04-20,132.7707,133.6,133.4,6672031.0,-0.004106,1.0,133.31,1.406678,297265.0
110008.0,2023-04-21,133.71,134.75,134.3,6536148.0,0.006747,1.0,134.13,1.406678,299115.0
110008.0,2023-04-24,134.1,135.09,135.05,6299870.0,0.005585,1.0,134.44,1.406678,299115.0
110008.0,2023-04-25,133.42,135.26,133.61,7751967.0,-0.010663,1.0,134.85,1.406678,298765.0
110008.0,2023-04-26,130.92,132.52,131.71,10128764.0,-0.01422,1.0,132.43,1.406678,298765.0
110008.0,2023-04-27,130.62,132.585,132.4,10008925.0,0.005239,1.0,131.77,1.406678,298765.0
110008.0,2023-04-28,132.03,133.905,133.53,7917338.0,0.008535,1.0,132.24,1.406678,299515.0
110008.0,2023-05-01,133.46,134.755,134.22,6794007.0,0.005167,1.0,133.72,1.406678,299515.0
110008.0,2023-05-02,132.68,134.85,133.64,14365947.0,-0.004321,1.0,134.0,1.406678,299515.0
110008.0,2023-05-03,133.27,134.9,133.46,8961472.0,-0.001347,1.0,134.26,1.406678,298215.0
110008.0,2023-05-04,131.84,132.98,132.4,9625315.0,-0.007943,1.0,132.9,1.406678,299715.0
110008.0,2023-05-05,132.83,134.05,133.59,7650379.0,0.008988,1.0,133.27,1.406678,302565.0
110008.0,2023-05-08,132.68,133.43,133.3,5305742.0,-0.002171,1.0,133.39,1.406678,302565.0
110008.0,2023-05-09,132.37,133.42,132.41,6452735.0,-0.006677,1.0,132.79,1.406678,302565.0
110008.0,2023-05-10,132.0,133.11,132.78,6556586.0,0.002794,1.0,132.79,1.406678,302565.0
110008.0,2023-05-11,131.54,132.58,132.37,8764931.0,-0.003088,1.0,132.5,1.406678,302565.0
110008.0,2023-05-12,131.6,132.85,132.19,6626766.0,-0.00136,1.0,132.57,1.406678,302565.0
110008.0,2023-05-15,131.39,132.3,131.96,5725670.0,-0.00174,1.0,132.21,1.406678,302565.0
110008.0,2023-05-16,130.83,131.73,130.86,7106025.0,-0.008336,1.0,131.68,1.406678,302565.0
110008.0,2023-05-17,129.555,131.19,131.02,15512874.0,0.001223,1.0,131.08,1.406678,302565.0
110008.0,2023-05-18,129.69,130.91,130.7,12196872.0,-0.002442,1.0,130.74,1.406678,302565.0
110008.0,2023-05-19,130.94,132.19,131.31,9277048.0,0.004667,1.0,131.0,1.406678,302565.0
110008.0,2023-05-22,131.13,132.36,131.44,12856105.0,0.00099,1.0,131.5,1.406678,302565.0
110008.0,2023-05-23,129.71,131.0951,130.0,8723112.0,-0.010956,1.0,130.91,1.406678,306965.0
110008.0,2023-05-24,128.81,129.78,129.11,7953091.0,-0.006846,1.0,129.75,1.406678,306965.0
110008.0,2023-05-25,126.91,128.66,127.79,13737188.0,-0.010224,1.0,128.49,1.406678,307815.0
110008.0,2023-05-26,127.29,128.8701,127.53,8794874.0,-0.002035,1.0,127.67,1.406678,307815.0
110008.0,2023-05-30,126.42,127.87,126.74,12114528.0,-0.006195,1.0,126.89,1.406678,307415.0
110008.0,2023-05-31,126.05,128.05,127.83,15099052.0,0.0086,1.0,126.39,1.406678,307415.0
110008.0,2023-06-01,126.96,128.9179,128.67,9751882.0,0.006571,1.0,127.95,1.406678,308165.0
110008.0,2023-06-02,128.78,130.55,130.32,10293195.0,0.012824,1.0,129.08,1.406678,307765.0
110008.0,2023-06-05,130.45,131.38,130.79,7880207.0,0.003606,1.0,130.61,1.406678,307765.0
110008.0,2023-06-06,129.13,131.36,129.7,9413482.0,-0.008334,1.0,131.32,1.406678,310165.0
110008.0,2023-06-07,129.0,129.77,129.19,7519649.0,-0.003932,1.0,129.59,1.406678,310165.0
110008.0,2023-06-08,128.78,130.2,130.02,6583161.0,0.006425,1.0,129.21,1.406678,310165.0
110008.0,2023-06-09,129.34,130.87,130.42,10446128.0,0.003076,1.0,130.05,1.406678,310165.0
110008.0,2023-06-12,129.835,130.92,130.89,7321523.0,0.003604,1.0,130.35,1.406678,310165.0
110008.0,2023-06-13,130.47,131.745,131.55,8362679.0,0.005042,1.0,130.6,1.406678,310165.0
110008.0,2023-06-14,129.7,130.99,130.2,12401617.0,-0.010262,1.0,130.88,1.406678,311465.0
110008.0,2023-06-15,130.19,132.4,132.22,10598620.0,0.015515,1.0,130.21,1.406678,311465.0
110008.0,2023-06-16,132.07,133.25,132.21,10535119.0,-7.6e-05,1.0,132.56,1.406678,311465.0
110008.0,2023-06-20,130.39,132.095,131.52,8585375.0,-0.005219,1.0,130.41,1.406678,310365.0
110008.0,2023-06-21,130.59,131.99,131.54,9444757.0,0.000152,1.0,131.2,1.406678,310365.0
110008.0,2023-06-22,131.57,132.63,132.44,8036714.0,0.006842,1.0,131.74,1.406678,310365.0
110008.0,2023-06-23,131.64,132.54,132.0,8096493.0,-0.003322,1.0,132.26,1.406678,310365.0
110008.0,2023-06-26,129.98,131.88,131.25,7093029.0,-0.005682,1.0,131.67,1.406678,310365.0
110008.0,2023-06-27,130.04,131.39,130.95,8578428.0,-0.002286,1.0,131.25,1.406678,310365.0
110008.0,2023-06-28,130.11,130.95,130.53,10897834.0,-0.003207,1.0,130.92,1.406678,310365.0
110008.0,2023-06-29,130.01,131.46,131.38,7843374.0,0.006512,1.0,130.23,1.406678,310365.0
110008.0,2023-06-30,131.83,133.04,132.73,8260918.0,0.010275,1.0,131.91,1.406678,310365.0
110008.0,2023-07-03,131.078,132.35,131.64,5240339.0,-0.008212,1.0,132.35,1.406678,310365.0
110008.0,2023-07-05,131.06,131.855,131.57,7942087.0,-0.000532,1.0,131.36,1.406678,309615.0
110008.0,2023-07-06,130.19,131.01,130.52,8213056.0,-0.007981,1.0,130.69,1.406678,309615.0
110008.0,2023-07-07,128.93,130.26,129.0,8749818.0,-0.011646,1.0,129.8,1.406678,309615.0
110008.0,2023-07-10,129.0,130.18,130.02,7476636.0,0.007907,1.0,129.01,1.406678,309615.0
110008.0,2023-07-11,129.48,130.47,130.05,7279219.0,0.000231,1.0,129.84,1.406678,309615.0
110008.0,2023-07-12,129.49,130.5,129.7,11900408.0,-0.002691,1.0,130.38,1.406678,309615.0
110008.0,2023-07-13,129.615,130.36,129.75,7526169.0,0.000386,1.0,130.03,1.406678,309615.0
110008.0,2023-07-14,130.59,132.115,131.7,13298785.0,0.015029,1.0,130.73,1.406678,309615.0
110008.0,2023-07-17,130.61,131.63,131.1,7905359.0,-0.004556,1.0,131.35,1.406678,309615.0
110008.0,2023-07-18,130.91,132.565,132.07,8130367.0,0.007399,1.0,131.15,1.406678,309615.0
110008.0,2023-07-19,132.45,133.51,132.68,12483992.0,0.004619,1.0,132.72,1.406678,309615.0
110008.0,2023-07-20,133.47,135.43,134.88,12650212.0,0.016581,1.0,133.57,1.406678,309615.0
110008.0,2023-07-21,134.78,136.66,136.24,11308875.0,0.010083,1.0,135.01,1.406678,309615.0
110008.0,2023-07-24,135.8201,136.845,135.94,12034090.0,-0.002202,1.0,136.24,1.406678,309615.0
110008.0,2023-07-25,134.85,136.425,135.88,7803014.0,-0.000441,1.0,135.03,1.406678,309615.0
110008.0,2023-07-26,134.875,136.23,135.79,8205316.0,-0.000662,1.0,135.23,1.406678,309615.0
110008.0,2023-07-27,134.76,136.48,134.79,8800817.0,-0.007364,1.0,135.99,1.406678,309615.0
110008.0,2023-07-28,134.415,135.42,135.19,6897797.0,0.002968,1.0,135.2,1.406678,309615.0
110008.0,2023-07-31,133.645,135.0,134.15,9736656.0,-0.007693,1.0,134.95,1.406678,309615.0
110008.0,2023-08-01,133.115,134.33,133.45,10555724.0,-0.005218,1.0,133.84,1.406678,309615.0
110008.0,2023-08-02,133.18,134.39,133.54,13873282.0,0.000674,1.0,133.48,1.406678,309615.0
110008.0,2023-08-03,132.61,133.27,132.87,11863532.0,-0.005017,1.0,133.1,1.406678,309615.0
110008.0,2023-08-04,132.075,133.73,132.4,12631301.0,-0.003537,1.0,132.91,1.406678,309615.0
110008.0,2023-08-07,132.73,134.055,133.93,8165679.0,0.011556,1.0,132.8,1.406678,309615.0
110008.0,2023-08-08,134.045,135.13,134.96,12601218.0,0.007691,1.0,134.78,1.406678,309615.0
110008.0,2023-08-09,134.75,135.65,134.92,9833747.0,-0.000296,1.0,134.84,1.406678,309615.0
110008.0,2023-08-10,134.69,136.53,134.83,9541846.0,-0.000667,1.0,135.25,1.406678,309615.0
110008.0,2023-08-11,134.47,135.83,135.67,7674453.0,0.00623,1.0,134.79,1.406678,309615.0
110008.0,2023-08-14,135.57,136.51,136.08,8723326.0,0.003022,1.0,135.69,1.406678,309615.0
110008.0,2023-08-15,135.43,136.14,135.58,9118521.0,-0.003674,1.0,135.74,1.406678,309615.0
110008.0,2023-08-16,134.52,135.8,134.55,9462496.0,-0.007597,1.0,135.36,1.406678,309615.0
110008.0,2023-08-17,133.415,134.54,133.48,11163782.0,-0.007952,1.0,134.07,1.406678,309615.0
110008.0,2023-08-18,133.1,133.875,133.53,9463221.0,0.000375,1.0,133.22,1.406678,309615.0
110008.0,2023-08-21,133.055,133.83,133.67,6872444.0,0.001048,1.0,133.48,1.406678,309615.0
110008.0,2023-08-22,133.13,133.79,133.2,6939610.0,-0.003516,1.0,133.47,1.406678,301515.0
110008.0,2023-08-23,133.205,134.3,133.6,7276780.0,0.003003,1.0,134.0,1.406678,301515.0
110008.0,2023-08-24,132.44,134.39,132.44,10241732.0,-0.008683,1.0,133.34,1.406678,301515.0
110008.0,2023-08-25,132.42,133.88,133.41,8509077.0,0.007324,1.0,132.87,1.406678,301515.0
110008.0,2023-08-28,133.225,134.31,133.72,6768441.0,0.002324,1.0,133.88,1.406678,301515.0
110008.0,2023-08-29,133.72,134.92,134.92,10736986.0,0.008974,1.0,133.9,1.406678,301515.0
110008.0,2023-08-30,134.7,135.66,134.82,7892678.0,-0.000741,1.0,135.25,1.406678,301515.0
110008.0,2023-08-31,133.18,134.91,133.21,7540165.0,-0.011942,1.0,134.84,1.406678,301515.0
110010.0,2023-01-03,126.83,130.3,128.39,4783631.0,-0.005962,1.0,129.93,1.318476,97453.0
110010.0,2023-01-04,127.9574,131.21,130.25,4039840.0,0.014487,1.0,129.59,1.318476,97453.0
110010.0,2023-01-05,128.17,129.9,129.04,3888190.0,-0.00929,1.0,129.34,1.318476,97353.0
110010.0,2023-01-06,127.765,132.58,132.07,4619865.0,0.023481,1.0,128.68,1.318476,96753.0
110010.0,2023-01-09,132.77,135.025,132.87,4693885.0,0.006057,1.0,133.67,1.318476,98203.0
110010.0,2023-01-10,132.22,134.56,134.54,4415358.0,0.012569,1.0,132.94,1.318476,98353.0
110010.0,2023-01-11,135.57,138.18,138.17,6354032.0,0.026981,1.0,135.69,1.318476,98703.0
110010.0,2023-01-12,136.18,139.19,138.4,4786339.0,0.001665,1.0,139.03,1.318476,98653.0
110010.0,2023-01-13,136.073,139.83,139.7,3984731.0,0.009393,1.0,136.26,1.318476,98903.0
110010.0,2023-01-17,139.4,140.92,139.8,3749889.0,0.000716,1.0,140.11,1.318476,98803.0
110010.0,2023-01-18,137.92,142.03,137.98,4798499.0,-0.013019,1.0,141.22,1.318476,98803.0
110010.0,2023-01-19,134.99,137.4,135.69,6478626.0,-0.016597,1.0,136.97,1.318476,99203.0
110010.0,2023-01-20,135.32,139.06,138.98,3751294.0,0.024246,1.0,135.99,1.318476,99353.0
110010.0,2023-01-23,138.54,141.68,141.15,4584149.0,0.015614,1.0,139.35,1.318476,98753.0
110010.0,2023-01-24,139.75,141.66,140.99,3186475.0,-0.001133,1.0,140.66,1.318476,99203.0
110010.0,2023-01-25,137.8,141.9,141.71,3770193.0,0.005107,1.0,138.85,1.318476,98003.0
110010.0,2023-01-26,142.79,145.03,144.61,4820567.0,0.020464,1.0,144.22,1.318476,97653.0
110010.0,2023-01-27,144.7,149.03,147.89,5472665.0,0.022682,1.0,144.73,1.318476,97853.0
110010.0,2023-01-30,145.25,147.75,145.37,4789220.0,-0.01704,1.0,146.78,1.318476,98053.0
110010.0,2023-01-31,145.53,148.7,148.7,3487788.0,0.022907,1.0,145.53,1.318476,98053.0
110010.0,2023-02-01,146.78,152.71,151.52,6956867.0,0.018964,1.0,148.31,1.318476,97603.0
110010.0,2023-02-02,154.1,158.025,156.16,7019836.0,0.030623,1.0,154.81,1.318476,97253.0
110010.0,2023-02-03,150.68,154.95,151.35,6796853.0,-0.030802,1.0,151.48,1.318476,97553.0
110010.0,2023-02-06,149.87,152.05,151.13,4385136.0,-0.001454,1.0,150.78,1.318476,97553.0
110010.0,2023-02-07,147.655,151.8617,151.48,4916600.0,0.002316,1.0,150.47,1.318476,98053.0
110010.0,2023-02-08,149.15,151.35,150.19,5564043.0,-0.008516,1.0,150.98,1.318476,98103.0
110010.0,2023-02-09,149.17,153.19,149.91,4158092.0,-0.001864,1.0,152.19,1.318476,98203.0
110010.0,2023-02-10,146.95,149.31,148.15,3216695.0,-0.01174,1.0,148.6,1.318476,98403.0
110010.0,2023-02-13,147.14,150.385,150.32,3360818.0,0.014647,1.0,148.14,1.318476,98303.0
110010.0,2023-02-14,148.33,152.525,152.12,4361298.0,0.011974,1.0,149.26,1.318476,98153.0
110010.0,2023-02-15,151.1,153.93,153.9,3411511.0,0.011701,1.0,151.69,1.318476,98153.0
110010.0,2023-02-16,150.51,153.69,150.54,5628901.0,-0.021832,1.0,151.54,1.318476,97803.0
110010.0,2023-02-17,148.045,150.64,150.57,3740078.0,0.000199,1.0,149.68,1.318476,97303.0
110010.0,2023-02-21,145.5,148.72,145.54,4418791.0,-0.033406,1.0,148.32,1.318476,96803.0
110010.0,2023-02-22,145.22,147.24,146.28,4964246.0,0.005085,1.0,145.87,1.318476,96803.0
110010.0,2023-02-23,143.69,146.98,146.16,5284323.0,-0.00082,1.0,146.79,1.318476,96903.0
110010.0,2023-02-24,142.68,144.14,143.86,5957288.0,-0.015736,1.0,143.45,1.318476,96503.0
110010.0,2023-02-27,145.039,146.73,145.64,5622337.0,0.012373,1.0,145.49,1.318476,95703.0
110010.0,2023-02-28,144.97,146.61,145.54,5592583.0,-0.000687,1.0,145.55,1.318476,95503.0
110010.0,2023-03-01,142.87,145.5,143.71,6344416.0,-0.012574,1.0,145.02,1.318476,95503.0
110010.0,2023-03-02,141.03,143.45,143.23,5491848.0,-0.00334,1.0,141.41,1.318476,95753.0
110010.0,2023-03-03,144.15,146.56,146.31,5017622.0,0.021504,1.0,144.48,1.318476,95053.0
110010.0,2023-03-06,145.19,147.19,145.24,4927198.0,-0.007313,1.0,146.68,1.318476,94703.0
110010.0,2023-03-07,143.185,145.74,143.26,5970907.0,-0.013633,1.0,145.02,1.318476,95153.0
110010.0,2023-03-08,141.53,143.3,143.0,5408306.0,-0.001815,1.0,143.0,1.318476,96303.0
110010.0,2023-03-09,139.465,144.23,139.59,6668682.0,-0.023846,1.0,142.75,1.318476,95503.0
110010.0,2023-03-10,137.73,141.5,138.2,14529366.0,-0.009958,1.0,140.05,1.318476,95703.0
110010.0,2023-03-13,135.71,140.26,138.49,11814122.0,0.002098,1.0,136.16,1.318476,96253.0
110010.0,2023-03-14,139.08,141.24,140.84,7519125.0,0.016969,1.0,140.37,1.318476,96003.0
110010.0,2023-03-15,137.9921,140.71,140.63,9001425.0,-0.001491,1.0,138.75,1.318476,95853.0
110010.0,2023-03-16,139.64,143.78,143.17,10747798.0,0.018062,1.0,139.75,1.318476,95703.0
110010.0,2023-03-17,140.19,143.22,141.34,8440007.0,-0.012782,1.0,143.13,1.318476,95903.0
110010.0,2023-03-20,139.75,142.39,141.52,5864903.0,0.004317,1.0,140.74,1.325459,95753.0
110010.0,2023-03-21,143.29,145.65,145.43,6388423.0,0.027629,1.0,143.35,1.325459,96553.0
110010.0,2023-03-22,142.13,146.56,142.19,5491779.0,-0.022279,1.0,145.5,1.325459,97153.0
110010.0,2023-03-23,140.63,144.96,142.04,6127786.0,-0.001055,1.0,143.91,1.325459,96553.0
110010.0,2023-03-24,139.78,141.83,141.58,4717403.0,-0.003238,1.0,141.71,1.325459,96953.0
110010.0,2023-03-27,141.28,143.47,141.87,4207320.0,0.002048,1.0,142.94,1.325459,96503.0
110010.0,2023-03-28,140.74,142.21,141.7,2859759.0,-0.001198,1.0,141.83,1.325459,96453.0
110010.0,2023-03-29,142.74,144.44,144.39,3862941.0,0.018984,1.0,143.24,1.325459,96303.0
110010.0,2023-03-30,145.07,146.38,145.65,3239185.0,0.008726,1.0,145.77,1.325459,95853.0
110010.0,2023-03-31,146.37,149.63,149.54,5223705.0,0.026708,1.0,146.58,1.325459,96003.0
110010.0,2023-04-03,147.14,148.89,148.17,5669193.0,-0.009161,1.0,148.19,1.325459,95853.0
110010.0,2023-04-04,146.64,149.0,147.93,4691733.0,-0.00162,1.0,148.66,1.325459,95853.0
110010.0,2023-04-05,144.59,147.36,144.9,4430824.0,-0.020483,1.0,147.31,1.325459,95853.0
110010.0,2023-04-06,142.89,145.19,144.93,3818138.0,0.000207,1.0,144.23,1.325459,96753.0
110010.0,2023-04-10,142.59,145.62,145.57,3638373.0,0.004416,1.0,143.45,1.325459,96603.0
110010.0,2023-04-11,145.14,146.62,145.8,4404143.0,0.00158,1.0,145.65,1.325459,96603.0
110010.0,2023-04-12,143.38,147.06,143.54,4531332.0,-0.015501,1.0,147.01,1.325459,96753.0
110010.0,2023-04-13,144.11,146.84,146.71,6570029.0,0.022085,1.0,144.58,1.325459,97153.0
110010.0,2023-04-14,145.68,147.8,146.9,5400808.0,0.001295,1.0,146.38,1.325459,96953.0
110010.0,2023-04-17,146.53,148.26,147.94,4551234.0,0.00708,1.0,147.27,1.325459,96353.0
110010.0,2023-04-18,147.54,149.02,148.18,4529399.0,0.001622,1.0,148.68,1.325459,97653.0
110010.0,2023-04-19,146.66,148.885,148.04,3800223.0,-0.000945,1.0,146.8,1.325459,98003.0
110010.0,2023-04-20,144.94,147.01,145.76,4143578.0,-0.015401,1.0,145.61,1.325459,98903.0
110010.0,2023-04-21,145.82,147.96,147.37,4435299.0,0.011046,1.0,146.95,1.325459,99553.0
110010.0,2023-04-24,145.995,148.46,147.35,3874986.0,-0.000136,1.0,147.59,1.325459,99553.0
110010.0,2023-04-25,144.41,146.64,144.43,4247158.0,-0.019817,1.0,146.38,1.325459,99203.0
110010.0,2023-04-26,143.4,145.63,143.69,3853004.0,-0.005124,1.0,145.16,1.325459,99203.0
110010.0,2023-04-27,144.6,147.65,147.48,4815387.0,0.026376,1.0,144.7,1.325459,99203.0
110010.0,2023-04-28,145.415,148.0609,147.86,4135515.0,0.002577,1.0,146.79,1.325459,98153.0
110010.0,2023-05-01,146.19,147.82,146.4,4273871.0,-0.009874,1.0,147.5,1.325459,98153.0
110010.0,2023-05-02,144.77,146.87,146.55,4608577.0,0.001025,1.0,146.18,1.325459,98153.0
110010.0,2023-05-03,145.28,147.89,145.39,4256025.0,-0.007915,1.0,145.94,1.325459,97653.0
110010.0,2023-05-04,144.04,146.04,144.27,5331472.0,-0.007703,1.0,145.41,1.325459,98003.0
110010.0,2023-05-05,145.37,147.47,147.19,3685897.0,0.02024,1.0,145.63,1.325459,98003.0
110010.0,2023-05-08,146.71,147.75,147.69,3425042.0,0.003397,1.0,147.64,1.325459,98003.0
110010.0,2023-05-09,146.64,147.765,147.65,4232544.0,-0.000271,1.0,146.88,1.325459,98003.0
110010.0,2023-05-10,146.7,149.77,148.4,4514064.0,0.00508,1.0,149.01,1.325459,98003.0
110010.0,2023-05-11,147.93,149.28,149.09,4144423.0,0.00465,1.0,148.49,1.325459,98003.0
110010.0,2023-05-12,146.95,149.99,147.83,3778887.0,-0.008451,1.0,149.6,1.325459,98003.0
110010.0,2023-05-15,146.73,148.32,148.02,3206038.0,0.001285,1.0,148.0,1.325459,98003.0
110010.0,2023-05-16,146.8,148.74,147.42,3474405.0,-0.004054,1.0,147.01,1.325459,98003.0
110010.0,2023-05-17,148.32,150.65,150.49,4665956.0,0.020825,1.0,148.35,1.325459,98003.0
110010.0,2023-05-18,150.8,152.89,152.83,4303303.0,0.015549,1.0,150.82,1.325459,98003.0
110010.0,2023-05-19,150.79,152.54,151.55,3575230.0,-0.008375,1.0,152.46,1.325459,98003.0
110010.0,2023-05-22,150.56,152.07,151.08,3560032.0,-0.003101,1.0,151.62,1.325459,98003.0
110010.0,2023-05-23,149.4,151.84,149.7,4291576.0,-0.009134,1.0,149.92,1.325459,98253.0
110010.0,2023-05-24,147.99,149.94,149.15,3476224.0,-0.003674,1.0,149.38,1.325459,98253.0
110010.0,2023-05-25,147.98,149.8,148.48,3998910.0,-0.004492,1.0,149.61,1.325459,98853.0
110010.0,2023-05-26,148.58,153.07,151.97,5205105.0,0.023505,1.0,148.83,1.325459,98853.0
110010.0,2023-05-30,152.0,154.145,152.99,5490780.0,0.006712,1.0,153.63,1.325459,99053.0
110010.0,2023-05-31,149.51,152.29,151.61,6244883.0,-0.00902,1.0,151.98,1.325459,99053.0
110010.0,2023-06-01,150.43,154.15,153.4,5084425.0,0.011807,1.0,151.48,1.325459,99453.0
110010.0,2023-06-02,155.14,157.5875,157.0,5412380.0,0.023468,1.0,155.23,1.325459,99953.0
110010.0,2023-06-05,156.55,158.0,157.47,3927500.0,0.002994,1.0,156.97,1.325459,99953.0
110010.0,2023-06-06,157.08,159.33,159.11,4899560.0,0.010415,1.0,157.18,1.325459,101203.0
110010.0,2023-06-07,157.73,160.77,158.03,4603197.0,-0.006788,1.0,160.23,1.325459,101203.0
110010.0,2023-06-08,158.18,160.65,160.37,3361301.0,0.014807,1.0,158.28,1.325459,101203.0
110010.0,2023-06-09,160.815,163.35,161.2,5789630.0,0.005176,1.0,162.02,1.325459,101203.0
110010.0,2023-06-12,161.71,164.185,163.97,4706367.0,0.017184,1.0,162.19,1.325459,101203.0
110010.0,2023-06-13,163.95,165.78,165.67,5418369.0,0.010368,1.0,165.28,1.325459,101203.0
110010.0,2023-06-14,163.34,166.43,165.55,6710142.0,-0.000724,1.0,165.96,1.325459,101553.0
110010.0,2023-06-15,163.78,167.21,166.63,5356978.0,0.006524,1.0,164.07,1.325459,101553.0
110010.0,2023-06-16,166.27,167.865,166.38,6647456.0,-0.0015,1.0,167.81,1.325459,101553.0
110010.0,2023-06-20,165.18,167.48,167.29,5489679.0,0.005469,1.0,165.69,1.325459,102853.0
110010.0,2023-06-21,165.0,167.64,165.28,5458034.0,-0.012015,1.0,167.23,1.325459,102853.0
110010.0,2023-06-22,164.07,167.425,167.39,5376553.0,0.012766,1.0,164.26,1.325459,102853.0
110010.0,2023-06-23,164.77,166.96,165.45,5845287.0,-0.01159,1.0,165.42,1.325459,102853.0
110010.0,2023-06-26,163.26,166.81,163.33,4336854.0,-0.012814,1.0,164.44,1.325459,102853.0
110010.0,2023-06-27,164.08,167.06,166.84,5478482.0,0.02149,1.0,164.29,1.325459,102853.0
110010.0,2023-06-28,166.26,168.71,167.5,4357803.0,0.003956,1.0,166.4,1.325459,102853.0
110010.0,2023-06-29,166.68,168.19,167.68,3876272.0,0.001075,1.0,167.79,1.325459,102853.0
110010.0,2023-06-30,168.66,170.35,169.81,4739474.0,0.012703,1.0,169.09,1.325459,102853.0
110010.0,2023-07-03,171.51,172.81,171.86,4651630.0,0.012072,1.0,171.51,1.325459,102853.0
110010.0,2023-07-05,170.91,172.2,171.93,7264297.0,0.000407,1.0,171.59,1.325459,101303.0
110010.0,2023-07-06,168.37,170.0801,169.16,5737288.0,-0.016111,1.0,169.76,1.325459,101303.0
110010.0,2023-07-07,168.94,171.05,169.37,5281869.0,0.001241,1.0,169.25,1.325459,101303.0
110010.0,2023-07-10,168.44,170.02,169.89,5319392.0,0.00307,1.0,169.5,1.325459,101303.0
110010.0,2023-07-11,170.21,171.599,171.31,4816889.0,0.008358,1.0,170.36,1.325459,101303.0
110010.0,2023-07-12,172.45,173.87,172.85,5065932.0,0.00899,1.0,173.64,1.325459,101303.0
110010.0,2023-07-13,173.24,174.9,174.47,3695008.0,0.009372,1.0,174.46,1.325459,101303.0
110010.0,2023-07-14,174.15,175.69,174.92,3959881.0,0.002579,1.0,174.46,1.325459,101303.0
110010.0,2023-07-17,174.84,176.05,175.63,4181869.0,0.004059,1.0,175.02,1.325459,101303.0
110010.0,2023-07-18,174.48,176.76,176.35,4714040.0,0.0041,1.0,175.0,1.325459,101303.0
110010.0,2023-07-19,176.62,177.8,176.97,6545183.0,0.003516,1.0,176.8,1.325459,101303.0
110010.0,2023-07-20,170.6999,175.18,170.94,9735255.0,-0.034074,1.0,174.94,1.325459,101303.0
110010.0,2023-07-21,170.235,172.51,170.98,5242087.0,0.000234,1.0,172.47,1.325459,101303.0
110010.0,2023-07-24,170.015,172.37,172.1,4825843.0,0.006551,1.0,170.74,1.325459,101303.0
110010.0,2023-07-25,171.26,172.3714,171.7,3241912.0,-0.002324,1.0,172.02,1.325459,101303.0
110010.0,2023-07-26,170.46,172.41,171.66,4417348.0,-0.000233,1.0,170.62,1.325459,101303.0
110010.0,2023-07-27,169.55,173.72,169.88,4731977.0,-0.010369,1.0,173.39,1.325459,101303.0
110010.0,2023-07-28,171.19,173.22,172.76,3971908.0,0.016953,1.0,171.73,1.325459,101303.0
110010.0,2023-07-31,172.62,173.76,173.74,3471809.0,0.005673,1.0,173.19,1.325459,101303.0
110010.0,2023-08-01,171.65,173.11,171.77,3450143.0,-0.011339,1.0,172.87,1.325459,101303.0
110010.0,2023-08-02,168.335,170.39,168.69,4853726.0,-0.017931,1.0,169.78,1.325459,101303.0
110010.0,2023-08-03,167.33,169.51,169.09,4030422.0,0.002371,1.0,167.73,1.325459,101303.0
110010.0,2023-08-04,171.35,174.62,171.55,6753735.0,0.014549,1.0,173.85,1.325459,101303.0
110010.0,2023-08-07,170.71,173.34,173.31,3684589.0,0.010259,1.0,172.15,1.325459,101303.0
110010.0,2023-08-08,170.26,172.185,171.93,3627785.0,-0.007963,1.0,171.56,1.325459,101303.0
110010.0,2023-08-09,169.6,172.18,169.89,4522552.0,-0.011865,1.0,172.17,1.325459,101303.0
110010.0,2023-08-10,169.48,172.91,170.3,4361470.0,0.002413,1.0,171.17,1.325459,101303.0
110010.0,2023-08-11,168.465,170.23,169.72,3151072.0,-0.003406,1.0,169.15,1.325459,101303.0
110010.0,2023-08-14,168.345,170.26,170.24,2819660.0,0.003064,1.0,168.68,1.325459,101303.0
110010.0,2023-08-15,167.67,170.36,167.92,3314293.0,-0.013628,1.0,169.61,1.325459,101303.0
110010.0,2023-08-16,165.793,168.295,165.84,3357715.0,-0.012387,1.0,167.2,1.325459,101303.0
110010.0,2023-08-17,162.93,166.47,163.03,4354566.0,-0.016944,1.0,166.31,1.325459,101303.0
110010.0,2023-08-18,160.93,163.09,162.66,4124546.0,-0.002269,1.0,161.27,1.325459,101303.0
110010.0,2023-08-21,162.68,164.79,164.53,3322639.0,0.011496,1.0,163.61,1.325459,101303.0
110010.0,2023-08-22,164.15,166.13,164.77,4003345.0,0.001459,1.0,165.8,1.325459,102103.0
110010.0,2023-08-23,163.845,166.57,166.09,3864342.0,0.008011,1.0,164.01,1.325459,102103.0
110010.0,2023-08-24,162.79,166.6,162.84,3974537.0,-0.019568,1.0,166.38,1.325459,102103.0
110010.0,2023-08-25,162.1,165.14,164.66,5046537.0,0.011177,1.0,163.57,1.325459,102103.0
110010.0,2023-08-28,164.33,165.89,165.32,2981442.0,0.004008,1.0,165.72,1.325459,102103.0
110010.0,2023-08-29,165.28,169.52,169.45,4457096.0,0.024982,1.0,165.28,1.325459,102103.0
110010.0,2023-08-30,168.72,170.82,170.18,3644587.0,0.004308,1.0,169.14,1.325459,102103.0
110010.0,2023-08-31,170.05,171.64,170.71,3936448.0,0.003114,1.0,170.29,1.325459,102103.0
110012.0,2023-01-03,34.07,34.69,34.32,37396480.0,0.003509,1.0,34.45,1.970327,915945.0
110012.0,2023-01-04,34.57,35.12,34.87,44669324.0,0.016026,1.0,34.67,1.970327,915945.0
110012.0,2023-01-05,34.37,34.75,34.61,45585748.0,-0.007456,1.0,34.75,1.970327,915695.0
110012.0,2023-01-06,34.6,35.49,35.38,41229683.0,0.022248,1.0,34.84,1.970327,913645.0
110012.0,2023-01-09,35.16,35.7,35.25,48726649.0,-0.003674,1.0,35.5,1.970327,925745.0
110012.0,2023-01-10,35.0742,35.48,35.45,34663664.0,0.005674,1.0,35.19,1.970327,920445.0
110012.0,2023-01-11,35.47,35.78,35.78,32014710.0,0.009309,1.0,35.54,1.970327,924095.0
110012.0,2023-01-12,35.62,36.06,35.85,56642385.0,0.001956,1.0,35.9,1.970327,926595.0
110012.0,2023-01-13,35.26,36.17,36.12,65920861.0,0.007531,1.0,35.39,1.970327,930595.0
110012.0,2023-01-17,35.77,36.05,35.88,65345169.0,-0.006644,1.0,36.03,1.970327,929845.0
110012.0,2023-01-18,35.18,35.9,35.21,53693044.0,-0.018673,1.0,35.68,1.970327,929845.0
110012.0,2023-01-19,34.56,34.98,34.8,61169520.0,-0.011644,1.0,34.78,1.970327,927395.0
110012.0,2023-01-20,34.745,35.37,35.35,42330132.0,0.015805,1.0,34.9,1.970327,933045.0
110012.0,2023-01-23,35.265,35.91,35.76,44997272.0,0.011598,1.0,35.38,1.970327,920045.0
110012.0,2023-01-24,35.3,35.935,35.78,34333543.0,0.000559,1.0,35.7,1.970327,924945.0
110012.0,2023-01-25,35.455,36.07,36.06,38458654.0,0.007826,1.0,35.47,1.970327,909045.0
110012.0,2023-01-26,35.905,36.305,36.25,29944164.0,0.005269,1.0,36.15,1.970327,910345.0
110012.0,2023-01-27,36.15,36.46,36.25,30787365.0,0.0,1.0,36.2,1.970327,910945.0
110012.0,2023-01-30,36.01,36.3299,36.07,31595005.0,-0.004966,1.0,36.06,1.970327,913345.0
110012.0,2023-01-31,35.97,36.57,36.56,30282099.0,0.013585,1.0,36.14,1.970327,913995.0
110012.0,2023-02-01,36.095,36.88,36.56,51418673.0,0.0,1.0,36.18,1.970327,916595.0
110012.0,2023-02-02,36.365,36.805,36.66,42107281.0,0.002735,1.0,36.76,1.970327,922495.0
110012.0,2023-02-03,36.36,36.9,36.59,43155021.0,-0.001909,1.0,36.37,1.970327,921895.0
110012.0,2023-02-06,36.3,36.59,36.58,32273606.0,-0.000273,1.0,36.38,1.970327,930095.0
110012.0,2023-02-07,36.35,37.1052,37.0,33000523.0,0.011482,1.0,36.35,1.970327,946895.0
110012.0,2023-02-08,36.68,37.095,36.78,34555520.0,-0.005946,1.0,36.73,1.970327,931545.0
110012.0,2023-02-09,36.29,37.04,36.37,44329561.0,-0.011147,1.0,36.93,1.970327,937495.0
110012.0,2023-02-10,36.07,36.52,36.49,28108890.0,0.003299,1.0,36.19,1.970327,935795.0
110012.0,2023-02-13,36.44,36.91,36.91,32209034.0,0.01151,1.0,36.47,1.970327,940645.0
110012.0,2023-02-14,36.48,37.075,36.71,33525330.0,-0.005419,1.0,36.84,1.970327,933895.0
110012.0,2023-02-15,36.37,36.765,36.75,28514721.0,0.00109,1.0,36.42,1.970327,933895.0
110012.0,2023-02-16,36.31,36.66,36.38,34379073.0,-0.010068,1.0,36.4,1.970327,934995.0
110012.0,2023-02-17,36.09,36.435,36.39,35884876.0,0.000275,1.0,36.2,1.970327,942245.0
110012.0,2023-02-21,35.475,36.13,35.64,36425232.0,-0.02061,1.0,36.08,1.970327,940245.0
110012.0,2023-02-22,35.41,35.78,35.6,31065167.0,-0.001122,1.0,35.64,1.970327,940245.0
110012.0,2023-02-23,35.3001,35.92,35.63,42357613.0,0.000843,1.0,35.75,1.970327,939795.0
110012.0,2023-02-24,35.26,35.77,35.66,48732617.0,0.000842,1.0,35.32,1.970327,942895.0
110012.0,2023-02-27,35.5817,36.05,35.65,31664597.0,-0.00028,1.0,35.99,1.970327,929945.0
110012.0,2023-02-28,35.61,35.8999,35.72,32531448.0,0.001964,1.0,35.7,1.970327,928595.0
110012.0,2023-03-01,35.46,35.76,35.6,32790337.0,-0.00336,1.0,35.56,1.970327,930245.0
110012.0,2023-03-02,35.01,35.47,35.43,38409461.0,-0.004775,1.0,35.39,1.970327,938395.0
110012.0,2023-03-03,35.5,36.0,35.99,33091585.0,0.015806,1.0,35.57,1.970327,936995.0
110012.0,2023-03-06,35.91,36.245,36.02,30111132.0,0.000834,1.0,36.01,1.970327,933845.0
110012.0,2023-03-07,35.0,35.92,35.09,53804397.0,-0.025819,1.0,35.89,1.970327,931245.0
110012.0,2023-03-08,34.78,35.235,34.96,50860314.0,-0.003705,1.0,35.05,1.970327,935195.0
110012.0,2023-03-09,33.37,34.815,33.54,107108500.0,-0.040618,1.0,34.76,1.970327,934845.0
110012.0,2023-03-10,32.525,33.72,32.93,166569401.0,-0.018187,1.0,33.145,1.970327,932195.0
110012.0,2023-03-13,31.365,32.3199,31.63,165965875.0,-0.039478,1.0,31.76,1.970327,927245.0
110012.0,2023-03-14,31.87,32.845,32.27,128115514.0,0.020234,1.0,32.84,1.970327,922695.0
110012.0,2023-03-15,30.96,31.535,31.41,132235003.0,-0.02665,1.0,31.355,1.970327,919245.0
110012.0,2023-03-16,30.9,32.34,32.01,134086719.0,0.019102,1.0,31.2,1.970327,908995.0
110012.0,2023-03-17,30.895,31.71,30.98,136760563.0,-0.032177,1.0,31.71,1.970327,910045.0
110012.0,2023-03-20,31.02,31.44,31.17,75384475.0,0.011059,1.0,31.07,1.979974,894095.0
110012.0,2023-03-21,31.81,32.04,31.96,115899169.0,0.025345,1.0,31.88,1.979974,933095.0
110012.0,2023-03-22,31.2,32.05,31.22,67874143.0,-0.023154,1.0,31.96,1.979974,931745.0
110012.0,2023-03-23,30.79,31.6,31.01,82366321.0,-0.006726,1.0,31.28,1.979974,909195.0
110012.0,2023-03-24,30.39,31.02,30.99,76647535.0,-0.000645,1.0,30.63,1.979974,939395.0
110012.0,2023-03-27,31.235,31.59,31.42,61393348.0,0.013875,1.0,31.52,1.979974,941395.0
110012.0,2023-03-28,31.22,31.52,31.41,42980099.0,-0.000318,1.0,31.38,1.979974,935545.0
110012.0,2023-03-29,31.61,31.88,31.87,52147171.0,0.014645,1.0,31.75,1.979974,944945.0
110012.0,2023-03-30,31.62,32.12,31.8,45061690.0,-0.002196,1.0,32.1,1.979974,947445.0
110012.0,2023-03-31,31.86,32.16,32.15,49034438.0,0.011006,1.0,31.98,1.979974,945795.0
110012.0,2023-04-03,32.0201,32.3399,32.21,51213486.0,0.001866,1.0,32.115,1.979974,941795.0
110012.0,2023-04-04,31.7,32.34,31.91,45939269.0,-0.009314,1.0,32.29,1.979974,920495.0
110012.0,2023-04-05,31.66,31.96,31.87,57965324.0,-0.001253,1.0,31.67,1.979974,918745.0
110012.0,2023-04-06,31.775,32.046,31.99,36762286.0,0.003765,1.0,31.81,1.979974,922995.0
110012.0,2023-04-10,31.8,32.07,32.06,27900715.0,0.002188,1.0,31.87,1.979974,920145.0
110012.0,2023-04-11,32.12,32.48,32.34,53912616.0,0.008734,1.0,32.14,1.979974,920145.0
110012.0,2023-04-12,32.19,32.67,32.27,63645798.0,-0.002164,1.0,32.5,1.979974,920995.0
110012.0,2023-04-13,32.07,32.575,32.56,58550281.0,0.008987,1.0,32.29,1.979974,925945.0
110012.0,2023-04-14,32.72,33.15,32.88,65054415.0,0.009828,1.0,32.9,1.979974,937695.0
110012.0,2023-04-17,32.72,33.27,33.26,69670589.0,0.011557,1.0,32.86,1.979974,937745.0
110012.0,2023-04-18,33.08,33.4299,33.36,49507548.0,0.003007,1.0,33.33,1.979974,935995.0
110012.0,2023-04-19,33.25,33.53,33.44,39478861.0,0.002398,1.0,33.31,1.979974,932795.0
110012.0,2023-04-20,33.21,33.4308,33.34,39291820.0,-0.00299,1.0,33.22,1.979974,953595.0
110012.0,2023-04-21,33.03,33.26,33.22,41545017.0,-0.003599,1.0,33.24,1.979974,953895.0
110012.0,2023-04-24,33.06,33.32,33.14,32774163.0,-0.002408,1.0,33.195,1.979974,953895.0
110012.0,2023-04-25,32.56,32.99,32.57,58534295.0,-0.0172,1.0,32.93,1.979974,957145.0
110012.0,2023-04-26,32.12,32.66,32.26,54294200.0,-0.009518,1.0,32.48,1.979974,957145.0
110012.0,2023-04-27,32.38,32.84,32.78,46398842.0,0.016119,1.0,32.38,1.979974,957145.0
110012.0,2023-04-28,32.545,33.1957,33.17,54598658.0,0.011897,1.0,32.62,1.979974,969895.0
110012.0,2023-05-01,33.04,33.43,33.08,31950590.0,-0.002713,1.0,33.26,1.979974,969895.0
110012.0,2023-05-02,32.025,32.96,32.33,76096651.0,-0.022672,1.0,32.95,1.979974,969895.0
110012.0,2023-05-03,31.93,32.53,31.96,65642402.0,-0.011445,1.0,32.37,1.979974,976295.0
110012.0,2023-05-04,31.26,31.85,31.55,76076589.0,-0.012829,1.0,31.68,1.979974,976545.0
110012.0,2023-05-05,32.02,32.38,32.33,55019390.0,0.024723,1.0,32.07,1.979974,959895.0
110012.0,2023-05-08,32.34,32.62,32.38,34323628.0,0.001547,1.0,32.51,1.979974,959895.0
110012.0,2023-05-09,32.065,32.385,32.26,29736172.0,-0.003706,1.0,32.14,1.979974,959895.0
110012.0,2023-05-10,31.795,32.54,32.08,39706084.0,-0.00558,1.0,32.47,1.979974,959895.0
110012.0,2023-05-11,31.74,32.075,32.03,36693238.0,-0.001559,1.0,31.88,1.979974,959895.0
110012.0,2023-05-12,31.69,32.24,31.9,36253024.0,-0.004059,1.0,32.24,1.979974,959895.0
110012.0,2023-05-15,31.9,32.22,32.16,33208458.0,0.00815,1.0,31.96,1.979974,959895.0
110012.0,2023-05-16,31.84,32.19,31.86,31241413.0,-0.009328,1.0,32.095,1.979974,959895.0
110012.0,2023-05-17,32.04,32.59,32.5,46818832.0,0.020088,1.0,32.11,1.979974,959895.0
110012.0,2023-05-18,32.32,32.775,32.74,42232483.0,0.007385,1.0,32.44,1.979974,959895.0
110012.0,2023-05-19,32.45,32.92,32.6,40132919.0,-0.004276,1.0,32.82,1.979974,959895.0
110012.0,2023-05-22,32.46,32.78,32.66,35286215.0,0.001841,1.0,32.71,1.979974,959895.0
110012.0,2023-05-23,32.255,32.69,32.28,42217163.0,-0.011635,1.0,32.52,1.979974,898645.0
110012.0,2023-05-24,31.79,32.07,31.86,46610723.0,-0.013011,1.0,32.04,1.979974,898645.0
110012.0,2023-05-25,31.66,31.96,31.85,41658889.0,-0.000314,1.0,31.78,1.979974,901245.0
110012.0,2023-05-26,31.87,32.1875,32.11,44183009.0,0.008163,1.0,31.92,1.979974,901245.0
110012.0,2023-05-30,31.885,32.23,32.1,57900480.0,-0.000311,1.0,32.16,1.979974,901645.0
110012.0,2023-05-31,31.49,31.94,31.76,67667873.0,-0.010592,1.0,31.91,1.979974,901645.0
110012.0,2023-06-01,31.72,32.17,32.1,48643396.0,0.010705,1.0,31.94,1.979974,901445.0
110012.0,2023-06-02,32.41,32.915,32.8,65752905.0,0.021807,1.0,32.41,1.979974,900045.0
110012.0,2023-06-05,32.48,32.75,32.63,50531444.0,-0.005183,1.0,32.84,1.979974,900045.0
110012.0,2023-06-06,32.58,33.09,33.04,46236074.0,0.012565,1.0,32.6,1.979974,899995.0
110012.0,2023-06-07,32.87,33.24,33.17,48467077.0,0.003935,1.0,33.07,1.979974,899995.0
110012.0,2023-06-08,32.88,33.19,33.14,36261175.0,-0.000904,1.0,33.06,1.979974,899995.0
110012.0,2023-06-09,33.06,33.29,33.15,34025387.0,0.000302,1.0,33.08,1.979974,899995.0
110012.0,2023-06-12,32.89,33.27,33.14,33673941.0,-0.000302,1.0,33.18,1.979974,899995.0
110012.0,2023-06-13,33.07,33.48,33.34,46054359.0,0.006035,1.0,33.11,1.979974,899995.0
110012.0,2023-06-14,33.1,33.59,33.21,57195427.0,-0.003899,1.0,33.42,1.979974,910295.0
110012.0,2023-06-15,33.07,33.725,33.65,52241776.0,0.013249,1.0,33.1,1.979974,910295.0
110012.0,2023-06-16,33.54,33.83,33.58,49861063.0,-0.00208,1.0,33.8,1.979974,910295.0
110012.0,2023-06-20,32.98,33.27,33.18,50683081.0,-0.011912,1.0,33.21,1.979974,936395.0
110012.0,2023-06-21,33.0,33.3,33.14,35967562.0,-0.001206,1.0,33.1,1.979974,936395.0
110012.0,2023-06-22,32.77,33.09,32.88,38698748.0,-0.007845,1.0,33.08,1.979974,936395.0
110012.0,2023-06-23,32.515,32.85,32.74,35529595.0,-0.004258,1.0,32.63,1.979974,936395.0
110012.0,2023-06-26,32.58,32.9399,32.67,25728264.0,-0.002138,1.0,32.69,1.979974,936395.0
110012.0,2023-06-27,32.71,33.0,32.93,34348138.0,0.007958,1.0,32.73,1.979974,936395.0
110012.0,2023-06-28,32.7001,32.9,32.85,36663187.0,-0.002429,1.0,32.89,1.979974,936395.0
110012.0,2023-06-29,32.98,33.42,33.42,47470982.0,0.017352,1.0,33.02,1.979974,936395.0
110012.0,2023-06-30,33.58,33.85,33.71,44762287.0,0.008677,1.0,33.64,1.979974,936395.0
110012.0,2023-07-03,33.66,34.0,33.9,19127976.0,0.005636,1.0,33.71,1.979974,936395.0
110012.0,2023-07-05,33.6,33.92,33.83,39833482.0,-0.002065,1.0,33.7,1.979974,965345.0
110012.0,2023-07-06,33.25,33.58,33.54,45808350.0,-0.008572,1.0,33.55,1.979974,965345.0
110012.0,2023-07-07,33.4,33.87,33.59,33488663.0,0.001491,1.0,33.4,1.979974,965345.0
110012.0,2023-07-10,33.57,33.93,33.74,27254400.0,0.004466,1.0,33.595,1.979974,965345.0
110012.0,2023-07-11,33.79,34.18,34.14,33754224.0,0.011855,1.0,33.86,1.979974,965345.0
110012.0,2023-07-12,34.265,34.605,34.36,46546020.0,0.006444,1.0,34.42,1.979974,965345.0
110012.0,2023-07-13,34.35,34.535,34.48,40453681.0,0.003492,1.0,34.41,1.979974,965345.0
110012.0,2023-07-14,34.2042,34.74,34.25,47552728.0,-0.006671,1.0,34.73,1.979974,965345.0
110012.0,2023-07-17,34.21,34.68,34.58,38568886.0,0.009635,1.0,34.21,1.979974,965345.0
110012.0,2023-07-18,34.61,35.0,34.97,47176549.0,0.011278,1.0,34.66,1.979974,965345.0
110012.0,2023-07-19,34.96,35.26,35.12,45599818.0,0.004289,1.0,34.97,1.979974,965345.0
110012.0,2023-07-20,35.045,35.39,35.38,45591523.0,0.007403,1.0,35.06,1.979974,965345.0
110012.0,2023-07-21,35.175,35.46,35.26,30615721.0,-0.003392,1.0,35.44,1.979974,965345.0
110012.0,2023-07-24,35.27,35.71,35.6,32299794.0,0.009643,1.0,35.28,1.979974,965345.0
110012.0,2023-07-25,35.34,35.58,35.37,36218637.0,-0.006461,1.0,35.5,1.979974,965345.0
110012.0,2023-07-26,35.28,35.69,35.58,35638715.0,0.005937,1.0,35.33,1.979974,965345.0
110012.0,2023-07-27,35.08,35.67,35.13,44072765.0,-0.012648,1.0,35.58,1.979974,965345.0
110012.0,2023-07-28,35.01,35.425,35.2,32427672.0,0.001993,1.0,35.41,1.979974,965345.0
110012.0,2023-07-31,35.18,35.44,35.33,28627021.0,0.003693,1.0,35.27,1.979974,965345.0
110012.0,2023-08-01,35.14,35.36,35.33,26495304.0,0.0,1.0,35.26,1.979974,965345.0
110012.0,2023-08-02,34.83,35.155,35.03,48930438.0,-0.008491,1.0,35.03,1.979974,965345.0
110012.0,2023-08-03,34.72,35.13,35.05,31871732.0,0.000571,1.0,34.82,1.979974,965345.0
110012.0,2023-08-04,34.875,35.36,34.91,36195670.0,-0.003994,1.0,35.02,1.979974,965345.0
110012.0,2023-08-07,35.12,35.46,35.4,33119338.0,0.014036,1.0,35.13,1.979974,965345.0
110012.0,2023-08-08,34.67,35.1061,35.08,37254806.0,-0.00904,1.0,34.94,1.979974,965345.0
110012.0,2023-08-09,34.78,35.16,34.82,38304216.0,-0.007412,1.0,35.06,1.979974,965345.0
110012.0,2023-08-10,34.76,35.26,34.85,38097502.0,0.000862,1.0,35.0,1.979974,965345.0
110012.0,2023-08-11,34.655,34.98,34.92,27518747.0,0.002009,1.0,34.74,1.979974,965345.0
110012.0,2023-08-14,34.69,34.92,34.85,23773797.0,-0.002005,1.0,34.82,1.979974,965345.0
110012.0,2023-08-15,34.17,34.595,34.21,57472072.0,-0.018364,1.0,34.56,1.979974,965345.0
110012.0,2023-08-16,34.12,34.415,34.16,33566495.0,-0.001462,1.0,34.15,1.979974,965345.0
110012.0,2023-08-17,33.8942,34.32,33.99,38205391.0,-0.004977,1.0,34.27,1.979974,965345.0
110012.0,2023-08-18,33.72,34.08,33.98,40859959.0,-0.000294,1.0,33.75,1.979974,965345.0
110012.0,2023-08-21,33.67,34.095,33.94,32308259.0,-0.001177,1.0,34.03,1.979974,965345.0
110012.0,2023-08-22,33.5744,33.99,33.62,43148858.0,-0.009428,1.0,33.95,1.979974,975795.0
110012.0,2023-08-23,33.63,33.96,33.95,30240536.0,0.009816,1.0,33.68,1.979974,975795.0
110012.0,2023-08-24,33.83,34.31,33.83,35784853.0,-0.003535,1.0,33.9,1.979974,975795.0
110012.0,2023-08-25,33.71,34.12,33.99,40347163.0,0.00473,1.0,33.97,1.979974,975795.0
110012.0,2023-08-28,34.07,34.3,34.18,34905318.0,0.00559,1.0,34.1,1.979974,975795.0
110012.0,2023-08-29,34.1,34.4957,34.49,43394335.0,0.00907,1.0,34.15,1.979974,975795.0
110012.0,2023-08-30,34.44,34.71,34.51,33799921.0,0.00058,1.0,34.54,1.979974,975795.0
110012.0,2023-08-31,34.3446,34.615,34.38,27999689.0,-0.003767,1.0,34.61,1.979974,975795.0
110014.0,2023-01-03,122.38,126.6,123.26,7598070.0,-0.009482,1.0,125.77,1.310223,306006.0
110014.0,2023-01-04,122.22,124.37,123.58,5906502.0,0.002596,1.0,123.9,1.310223,306006.0
110014.0,2023-01-05,120.97,123.28,121.18,5670515.0,-0.019421,1.0,122.96,1.310223,306006.0
110014.0,2023-01-06,120.81,125.29,124.73,6912740.0,0.029295,1.0,122.25,1.310223,306256.0
110014.0,2023-01-09,125.81,128.475,126.18,10713633.0,0.011625,1.0,125.85,1.310223,307106.0
110014.0,2023-01-10,125.2,127.1599,126.96,8604527.0,0.006182,1.0,125.87,1.310223,307406.0
110014.0,2023-01-11,126.97,129.16,129.16,6878986.0,0.017328,1.0,127.36,1.310223,306556.0
110014.0,2023-01-12,127.78,130.71,130.12,7679335.0,0.007433,1.0,129.36,1.310223,304106.0
110014.0,2023-01-13,128.59,130.6798,130.49,5076582.0,0.002844,1.0,128.89,1.310223,302356.0
110014.0,2023-01-17,130.15,131.85,131.08,5212859.0,0.004521,1.0,130.31,1.310223,302306.0
110014.0,2023-01-18,129.31,132.52,129.39,6967961.0,-0.012893,1.0,131.82,1.310223,302306.0
110014.0,2023-01-19,127.41,129.1,127.88,7322513.0,-0.01167,1.0,128.38,1.310223,301956.0
110014.0,2023-01-20,128.06,131.435,131.34,7063936.0,0.027057,1.0,128.52,1.310223,301856.0
110014.0,2023-01-23,131.57,135.1,134.33,11736438.0,0.022765,1.0,131.87,1.310223,301006.0
110014.0,2023-01-24,133.37,134.78,134.27,6287839.0,-0.000447,1.0,133.57,1.310223,302656.0
110014.0,2023-01-25,130.77,134.33,133.99,7171147.0,-0.002085,1.0,132.0,1.310223,300056.0
110014.0,2023-01-26,133.9,136.19,136.13,5580870.0,0.015971,1.0,135.3,1.310223,299306.0
110014.0,2023-01-27,135.21,137.66,136.7,6774660.0,0.004187,1.0,135.27,1.310223,299506.0
110014.0,2023-01-30,133.975,135.72,134.09,4852957.0,-0.019093,1.0,135.13,1.310223,299606.0
110014.0,2023-01-31,134.0,136.02,135.96,4435803.0,0.013946,1.0,134.09,1.310223,299706.0
110014.0,2023-02-01,135.21,140.27,139.16,9426375.0,0.023536,1.0,135.86,1.310223,300106.0
110014.0,2023-02-02,140.89,143.76,142.96,9412026.0,0.027307,1.0,141.54,1.310223,300206.0
110014.0,2023-02-03,140.29,144.09,141.77,8072663.0,-0.008324,1.0,140.5,1.310223,299156.0
110014.0,2023-02-06,139.51,141.3,140.04,6488729.0,-0.012203,1.0,140.2,1.310223,298756.0
110014.0,2023-02-07,140.19,144.08,143.54,7854072.0,0.024993,1.0,140.25,1.310223,299106.0
110014.0,2023-02-08,141.52,144.59,141.81,6288539.0,-0.012052,1.0,143.82,1.310223,299156.0
110014.0,2023-02-09,140.47,144.24,141.03,6312014.0,-0.0055,1.0,144.0,1.310223,298406.0
110014.0,2023-02-10,139.05,140.86,140.38,4930785.0,-0.004609,1.0,139.98,1.310223,298056.0
110014.0,2023-02-13,140.84,143.121,142.81,4205914.0,0.01731,1.0,140.93,1.310223,298706.0
110014.0,2023-02-14,141.25,144.23,143.42,6310973.0,0.004271,1.0,142.14,1.310223,297906.0
110014.0,2023-02-15,142.21,144.1,144.09,5246227.0,0.004672,1.0,142.55,1.310223,297906.0
110014.0,2023-02-16,141.48,143.61,141.59,6500646.0,-0.01735,1.0,142.0,1.310223,297206.0
110014.0,2023-02-17,138.6,140.74,139.82,5303339.0,-0.012501,1.0,140.58,1.310223,296956.0
110014.0,2023-02-21,136.375,138.78,136.5,6138857.0,-0.023745,1.0,137.95,1.310223,296456.0
110014.0,2023-02-22,135.65,137.4,136.3,7169194.0,-0.001465,1.0,136.78,1.310223,296456.0
110014.0,2023-02-23,136.61,139.08,138.56,6560208.0,0.016581,1.0,138.84,1.310223,295906.0
110014.0,2023-02-24,135.3,136.68,136.09,7173792.0,-0.017826,1.0,136.1,1.310223,296056.0
110014.0,2023-02-27,136.57,138.16,136.82,4694488.0,0.005364,1.0,137.46,1.310223,294406.0
110014.0,2023-02-28,136.14,137.84,136.52,5243149.0,-0.002193,1.0,136.38,1.310223,293956.0
110014.0,2023-03-01,135.1,136.8,135.52,7534677.0,-0.007325,1.0,136.58,1.310223,293806.0
110014.0,2023-03-02,134.92,137.62,137.19,5485632.0,0.012323,1.0,135.15,1.310223,293506.0
110014.0,2023-03-03,137.94,140.145,140.14,7219834.0,0.021503,1.0,138.07,1.310223,293356.0
110014.0,2023-03-06,140.695,142.72,140.81,7999615.0,0.004781,1.0,141.04,1.310223,292256.0
110014.0,2023-03-07,138.71,141.24,139.06,7060055.0,-0.012428,1.0,140.7,1.310223,292056.0
110014.0,2023-03-08,138.73,140.38,140.21,6623474.0,0.00827,1.0,139.55,1.310223,291306.0
110014.0,2023-03-09,137.93,142.01,138.2,7812295.0,-0.014336,1.0,140.43,1.310223,291206.0
110014.0,2023-03-10,135.23,138.345,135.77,15278402.0,-0.017583,1.0,138.0,1.310223,291606.0
110014.0,2023-03-13,134.08,138.4,136.51,17219746.0,0.00545,1.0,134.92,1.310223,289356.0
110014.0,2023-03-14,137.7,140.15,139.66,10601051.0,0.023075,1.0,138.27,1.310223,289456.0
110014.0,2023-03-15,137.455,139.9099,139.74,11530017.0,0.000573,1.0,138.13,1.310223,289856.0
110014.0,2023-03-16,138.79,143.86,143.66,13044548.0,0.028052,1.0,139.25,1.310223,290356.0
110014.0,2023-03-17,142.62,145.18,143.46,11539531.0,-0.001392,1.0,143.94,1.310223,291006.0
110014.0,2023-03-20,141.82,143.71,143.53,5990808.0,0.002687,1.0,142.89,1.313103,290106.0
110014.0,2023-03-21,142.805,144.95,144.69,6533200.0,0.008082,1.0,144.31,1.313103,290356.0
110014.0,2023-03-22,143.17,147.57,143.25,7112246.0,-0.009952,1.0,144.69,1.313103,291456.0
110014.0,2023-03-23,144.21,147.55,145.58,8797909.0,0.016265,1.0,145.08,1.313103,290956.0
110014.0,2023-03-24,144.16,146.03,145.96,5937705.0,0.00261,1.0,145.12,1.313103,290806.0
110014.0,2023-03-27,144.49,146.68,144.83,5405293.0,-0.007742,1.0,146.18,1.313103,290656.0
110014.0,2023-03-28,142.845,144.63,144.15,4984008.0,-0.004695,1.0,144.58,1.313103,291006.0
110014.0,2023-03-29,145.75,147.5,147.17,7128293.0,0.02095,1.0,145.96,1.313103,290656.0
110014.0,2023-03-30,147.88,149.09,148.88,5601209.0,0.011619,1.0,148.53,1.313103,290156.0
110014.0,2023-03-31,148.51,151.145,151.01,7534883.0,0.014307,1.0,148.7,1.313103,290056.0
110014.0,2023-04-03,149.37,150.98,150.77,10571060.0,-0.001589,1.0,150.09,1.313103,289406.0
110014.0,2023-04-04,149.38,151.51,149.94,7912365.0,-0.005505,1.0,150.99,1.313103,288956.0
110014.0,2023-04-05,147.16,149.37,148.23,7868780.0,-0.011405,1.0,149.23,1.313103,288306.0
110014.0,2023-04-06,146.51,149.26,149.07,7848007.0,0.005667,1.0,147.15,1.313103,290906.0
110014.0,2023-04-10,146.78,149.02,148.99,4758588.0,-0.000537,1.0,147.59,1.313103,292806.0
110014.0,2023-04-11,147.34,148.75,147.59,6375397.0,-0.009397,1.0,148.73,1.313103,292806.0
110014.0,2023-04-12,146.505,148.99,146.75,6617886.0,-0.005691,1.0,148.59,1.313103,290756.0
110014.0,2023-04-13,147.08,149.71,149.48,6820898.0,0.018603,1.0,147.32,1.313103,290506.0
110014.0,2023-04-14,147.35,149.8686,148.65,6501848.0,-0.005553,1.0,148.64,1.313103,289756.0
110014.0,2023-04-17,148.03,149.52,149.19,4153212.0,0.003633,1.0,148.84,1.313103,289606.0
110014.0,2023-04-18,149.0,150.73,149.65,4606530.0,0.003083,1.0,150.33,1.313103,288356.0
110014.0,2023-04-19,148.1,149.5,149.22,4311606.0,-0.002873,1.0,148.3,1.313103,288056.0
110014.0,2023-04-20,147.58,149.71,148.24,5708126.0,-0.006567,1.0,147.85,1.313103,287456.0
110014.0,2023-04-21,146.8,148.025,147.76,6118874.0,-0.003238,1.0,147.59,1.313103,287956.0
110014.0,2023-04-24,146.01,147.89,147.11,4539968.0,-0.004399,1.0,147.17,1.313103,287956.0
110014.0,2023-04-25,143.92,146.67,143.97,5511323.0,-0.021345,1.0,146.39,1.313103,287456.0
110014.0,2023-04-26,145.76,147.62,146.11,6801698.0,0.014864,1.0,146.5,1.313103,287456.0
110014.0,2023-04-27,146.44,149.315,149.21,6042384.0,0.021217,1.0,146.8,1.313103,287456.0
110014.0,2023-04-28,149.05,150.86,150.83,5895970.0,0.010857,1.0,149.21,1.313103,287906.0
110014.0,2023-05-01,150.47,151.6475,150.92,4097189.0,0.000597,1.0,150.71,1.313103,287906.0
110014.0,2023-05-02,148.73,151.27,149.51,6029435.0,-0.009343,1.0,151.1,1.313103,287906.0
110014.0,2023-05-03,148.18,150.66,148.25,5815099.0,-0.008427,1.0,149.69,1.313103,286606.0
110014.0,2023-05-04,146.93,148.54,147.54,5430455.0,-0.004789,1.0,147.66,1.313103,286606.0
110014.0,2023-05-05,148.76,151.75,151.24,6114998.0,0.025078,1.0,148.97,1.313103,287306.0
110014.0,2023-05-08,150.23,151.29,151.16,3397843.0,-0.000529,1.0,150.95,1.313103,287306.0
110014.0,2023-05-09,149.84,150.61,150.0,6236700.0,-0.007674,1.0,150.33,1.313103,287306.0
110014.0,2023-05-10,150.36,152.18,151.83,5275910.0,0.0122,1.0,151.31,1.313103,287306.0
110014.0,2023-05-11,150.1,151.58,151.15,4478546.0,-0.004479,1.0,151.58,1.313103,287306.0
110014.0,2023-05-12,149.78,151.63,150.95,3953978.0,-0.001323,1.0,151.41,1.313103,287306.0
110014.0,2023-05-15,150.555,152.23,152.2,3398461.0,0.008281,1.0,151.1,1.313103,287306.0
110014.0,2023-05-16,151.94,153.19,152.36,4699238.0,0.001051,1.0,151.99,1.313103,287306.0
110014.0,2023-05-17,152.295,154.65,154.39,5958306.0,0.013324,1.0,153.0,1.313103,287306.0
110014.0,2023-05-18,154.58,157.78,157.55,7745604.0,0.020468,1.0,154.58,1.313103,287306.0
110014.0,2023-05-19,156.94,157.86,157.48,4902551.0,-0.000444,1.0,157.59,1.313103,287306.0
110014.0,2023-05-22,156.75,158.19,157.78,5397089.0,0.001905,1.0,157.01,1.313103,287306.0
110014.0,2023-05-23,155.39,157.64,155.45,5845476.0,-0.014767,1.0,156.99,1.313103,285306.0
110014.0,2023-05-24,153.47,154.93,154.31,5462752.0,-0.007334,1.0,154.22,1.313103,285306.0
110014.0,2023-05-25,157.58,160.86,160.23,9038999.0,0.038364,1.0,158.41,1.313103,285806.0
110014.0,2023-05-26,160.62,165.07,164.78,7579998.0,0.028397,1.0,160.64,1.313103,285806.0
110014.0,2023-05-30,165.31,168.04,165.66,9061845.0,0.00534,1.0,167.2,1.313103,285656.0
110014.0,2023-05-31,164.19,166.26,164.28,9650510.0,-0.00833,1.0,164.71,1.313103,285656.0
110014.0,2023-06-01,163.23,166.65,165.95,8709728.0,0.010166,1.0,163.76,1.313103,286556.0
110014.0,2023-06-02,165.72,167.67,166.9,7135271.0,0.005725,1.0,166.93,1.313103,287506.0
110014.0,2023-06-05,165.6467,167.9083,165.94,5454498.0,-0.005752,1.0,166.8,1.313103,287506.0
110014.0,2023-06-06,164.71,166.26,165.9,4987832.0,-0.000241,1.0,165.54,1.313103,286606.0
110014.0,2023-06-07,163.0799,166.87,163.42,6851880.0,-0.014949,1.0,165.58,1.313103,286606.0
110014.0,2023-06-08,163.545,165.445,165.19,5333722.0,0.010831,1.0,163.66,1.313103,286606.0
110014.0,2023-06-09,165.45,167.71,166.01,7207782.0,0.004964,1.0,165.99,1.313103,286606.0
110014.0,2023-06-12,166.81,169.685,169.62,6896020.0,0.021746,1.0,167.15,1.313103,286606.0
110014.0,2023-06-13,169.27,171.46,170.65,8297940.0,0.006072,1.0,171.13,1.313103,286606.0
110014.0,2023-06-14,169.86,172.47,172.41,8384518.0,0.010314,1.0,170.45,1.313103,286756.0
110014.0,2023-06-15,171.67,175.41,174.63,8866336.0,0.012876,1.0,171.71,1.313103,286756.0
110014.0,2023-06-16,173.02,176.3,173.19,8683334.0,-0.008246,1.0,176.29,1.313103,286756.0
110014.0,2023-06-20,170.74,172.9,171.66,7069581.0,-0.008834,1.0,171.84,1.313103,294156.0
110014.0,2023-06-21,168.62,171.33,169.12,6028963.0,-0.014797,1.0,171.0,1.313103,294156.0
110014.0,2023-06-22,168.33,170.57,170.5,7612585.0,0.00816,1.0,168.36,1.313103,294156.0
110014.0,2023-06-23,167.94,169.645,168.65,7364457.0,-0.01085,1.0,168.4,1.313103,294156.0
110014.0,2023-06-26,167.32,170.28,167.44,5445131.0,-0.007175,1.0,168.8,1.313103,294156.0
110014.0,2023-06-27,167.95,171.13,170.74,6916452.0,0.019709,1.0,168.11,1.313103,294156.0
110014.0,2023-06-28,169.66,171.76,170.84,5685842.0,0.000586,1.0,169.79,1.313103,294156.0
110014.0,2023-06-29,170.11,171.45,171.14,4564146.0,0.001756,1.0,171.02,1.313103,294156.0
110014.0,2023-06-30,172.71,174.2998,173.86,5699222.0,0.015893,1.0,172.84,1.313103,294156.0
110014.0,2023-07-03,172.61,173.91,173.49,3091100.0,-0.002128,1.0,173.83,1.313103,294156.0
110014.0,2023-07-05,172.13,173.71,172.42,4698199.0,-0.006168,1.0,172.28,1.313103,287256.0
110014.0,2023-07-06,170.195,172.12,171.96,6058210.0,-0.002668,1.0,170.72,1.313103,287256.0
110014.0,2023-07-07,171.11,173.28,171.21,5811255.0,-0.004361,1.0,171.68,1.313103,287256.0
110014.0,2023-07-10,169.94,171.67,171.66,8438551.0,0.002628,1.0,170.59,1.313103,287256.0
110014.0,2023-07-11,170.35,172.22,172.03,4998680.0,0.002155,1.0,172.02,1.313103,287256.0
110014.0,2023-07-12,172.8,174.795,173.98,8052282.0,0.011335,1.0,173.75,1.313103,287256.0
110014.0,2023-07-13,174.82,176.63,176.25,4674611.0,0.013048,1.0,175.17,1.313103,287256.0
110014.0,2023-07-14,175.48,178.07,175.99,5771911.0,-0.001475,1.0,176.69,1.313103,287256.0
110014.0,2023-07-17,176.12,178.755,178.24,5930280.0,0.012785,1.0,176.32,1.313103,287256.0
110014.0,2023-07-18,176.9,181.13,180.26,8203385.0,0.011333,1.0,177.83,1.313103,287256.0
110014.0,2023-07-19,179.12,181.46,179.81,10494965.0,-0.002496,1.0,180.71,1.313103,287256.0
110014.0,2023-07-20,175.6657,179.415,176.22,12178023.0,-0.019966,1.0,178.66,1.313103,287256.0
110014.0,2023-07-21,175.92,178.23,176.13,7435708.0,-0.000511,1.0,177.34,1.313103,287256.0
110014.0,2023-07-24,175.76,177.34,176.44,5654130.0,0.00176,1.0,176.91,1.313103,287256.0
110014.0,2023-07-25,176.98,179.05,178.46,5401103.0,0.011449,1.0,177.01,1.313103,287256.0
110014.0,2023-07-26,174.82,177.02,176.06,7750764.0,-0.013448,1.0,176.59,1.313103,287256.0
110014.0,2023-07-27,174.75,178.98,175.55,6928475.0,-0.002897,1.0,178.44,1.313103,287256.0
110014.0,2023-07-28,176.81,178.47,177.94,5643874.0,0.013614,1.0,177.18,1.313103,287256.0
110014.0,2023-07-31,177.33,178.57,178.35,5069852.0,0.002304,1.0,178.1,1.313103,287256.0
110014.0,2023-08-01,177.3,179.03,178.65,4424307.0,0.001682,1.0,177.77,1.313103,287256.0
110014.0,2023-08-02,173.6,177.19,174.23,7913424.0,-0.024741,1.0,177.08,1.313103,287256.0
110014.0,2023-08-03,172.7,174.54,173.52,5660933.0,-0.004075,1.0,172.81,1.313103,287256.0
110014.0,2023-08-04,170.89,173.965,171.16,7215851.0,-0.013601,1.0,172.93,1.313103,287256.0
110014.0,2023-08-07,170.4,172.47,171.64,4767998.0,0.002804,1.0,171.88,1.313103,287256.0
110014.0,2023-08-08,168.61,170.54,170.32,5730901.0,-0.00769,1.0,170.44,1.313103,287256.0
110014.0,2023-08-09,167.54,170.55,168.12,7150891.0,-0.012917,1.0,170.55,1.313103,287256.0
110014.0,2023-08-10,167.31,170.87,168.14,6365657.0,0.000119,1.0,169.4,1.313103,287256.0
110014.0,2023-08-11,166.32,167.88,166.9,5385956.0,-0.007375,1.0,166.8,1.313103,287256.0
110014.0,2023-08-14,166.33,169.58,169.56,5164003.0,0.015938,1.0,166.73,1.313103,287256.0
110014.0,2023-08-15,167.5,169.66,167.89,4683173.0,-0.009849,1.0,169.06,1.313103,287256.0
110014.0,2023-08-16,166.28,168.49,166.29,4889732.0,-0.00953,1.0,167.53,1.313103,287256.0
110014.0,2023-08-17,164.46,167.335,164.71,6307367.0,-0.009501,1.0,167.03,1.313103,287256.0
110014.0,2023-08-18,162.94,165.63,164.96,6829334.0,0.001518,1.0,163.04,1.313103,287256.0
110014.0,2023-08-21,165.65,168.45,168.11,6566423.0,0.019096,1.0,165.81,1.313103,287256.0
110014.0,2023-08-22,167.55,169.72,167.92,5682780.0,-0.00113,1.0,169.62,1.313103,288606.0
110014.0,2023-08-23,168.32,171.45,170.95,5056621.0,0.018044,1.0,168.33,1.313103,288606.0
110014.0,2023-08-24,166.88,173.11,167.01,6964453.0,-0.023048,1.0,173.1,1.313103,288606.0
110014.0,2023-08-25,166.19,169.64,168.71,7843290.0,0.010179,1.0,167.68,1.313103,288606.0
110014.0,2023-08-28,168.78,170.45,170.09,4482149.0,0.00818,1.0,169.99,1.313103,288606.0
110014.0,2023-08-29,169.42,173.67,173.5,6856939.0,0.020048,1.0,169.6,1.313103,288606.0
110014.0,2023-08-30,172.93,174.985,174.81,6133330.0,0.00755,1.0,173.53,1.313103,288606.0
110014.0,2023-08-31,175.02,176.33,175.66,5981745.0,0.004862,1.0,175.21,1.313103,288606.0
